building_id,site_id,rows,anomalies,anomaly_rate,meter_0_rows,meter_0_anomalies,meter_0_present,meter_0_row_share,meter_0_anomaly_rate,meter_1_rows,meter_1_anomalies,meter_1_present,meter_1_row_share,meter_1_anomaly_rate,meter_2_rows,meter_2_anomalies,meter_2_present,meter_2_row_share,meter_2_anomaly_rate,meter_3_rows,meter_3_anomalies,meter_3_present,meter_3_row_share,meter_3_anomaly_rate,meter_count,anomaly_meter_count,zero_anomaly,anomaly_bin,size_bin,primary_use
0,0,8784,3382,0.3850182149362477,8784,3382,1,1.0,0.3850182149362477,0,0,0,0.0,0.0,0,0,0,0.0,0.0,0,0,0,0.0,0.0,1,1,0,positive_high,size_q2,Education
2,0,8784,3378,0.3845628415300546,8784,3378,1,1.0,0.3845628415300546,0,0,0,0.0,0.0,0,0,0,0.0,0.0,0,0,0,0.0,0.0,1,1,0,positive_high,size_q2,Education
4,0,8784,3379,0.3846766848816029,8784,3379,1,1.0,0.3846766848816029,0,0,0,0.0,0.0,0,0,0,0.0,0.0,0,0,0,0.0,0.0,1,1,0,positive_high,size_q2,Education
6,0,8784,3378,0.3845628415300546,8784,3378,1,1.0,0.3845628415300546,0,0,0,0.0,0.0,0,0,0,0.0,0.0,0,0,0,0.0,0.0,1,1,0,positive_high,size_q2,Lodging/residential
8,0,8784,3380,0.3847905282331512,8784,3380,1,1.0,0.3847905282331512,0,0,0,0.0,0.0,0,0,0,0.0,0.0,0,0,0,0.0,0.0,1,1,0,positive_high,size_q2,Education
10,0,8784,3378,0.3845628415300546,8784,3378,1,1.0,0.3845628415300546,0,0,0,0.0,0.0,0,0,0,0.0,0.0,0,0,0,0.0,0.0,1,1,0,positive_high,size_q2,Entertainment/public assembly
12,0,8784,3380,0.3847905282331512,8784,3380,1,1.0,0.3847905282331512,0,0,0,0.0,0.0,0,0,0,0.0,0.0,0,0,0,0.0,0.0,1,1,0,positive_high,size_q2,Lodging/residential
14,0,16053,3379,0.2104902510434186,8784,3378,1,0.547187441599701,0.3845628415300546,7269,1,1,0.452812558400299,0.0001375705048837,0,0,0,0.0,0.0,0,0,0,0.0,0.0,2,2,0,positive_high,size_q3,Education
16,0,8784,3381,0.3849043715846995,8784,3381,1,1.0,0.3849043715846995,0,0,0,0.0,0.0,0,0,0,0.0,0.0,0,0,0,0.0,0.0,1,1,0,positive_high,size_q2,Education
18,0,8784,3387,0.385587431693989,8784,3387,1,1.0,0.385587431693989,0,0,0,0.0,0.0,0,0,0,0.0,0.0,0,0,0,0.0,0.0,1,1,0,positive_high,size_q2,Education
20,0,8784,3381,0.3849043715846995,8784,3381,1,1.0,0.3849043715846995,0,0,0,0.0,0.0,0,0,0,0.0,0.0,0,0,0,0.0,0.0,1,1,0,positive_high,size_q2,Education
22,0,8784,3385,0.3853597449908925,8784,3385,1,1.0,0.3853597449908925,0,0,0,0.0,0.0,0,0,0,0.0,0.0,0,0,0,0.0,0.0,1,1,0,positive_high,size_q2,Education
24,0,8784,3380,0.3847905282331512,8784,3380,1,1.0,0.3847905282331512,0,0,0,0.0,0.0,0,0,0,0.0,0.0,0,0,0,0.0,0.0,1,1,0,positive_high,size_q2,Education
26,0,8784,3379,0.3846766848816029,8784,3379,1,1.0,0.3846766848816029,0,0,0,0.0,0.0,0,0,0,0.0,0.0,0,0,0,0.0,0.0,1,1,0,positive_high,size_q2,Office
28,0,14991,3379,0.2254019078113534,8784,3378,1,0.5859515709425656,0.3845628415300546,6207,1,1,0.4140484290574344,0.0001611084259706,0,0,0,0.0,0.0,0,0,0,0.0,0.0,2,2,0,positive_high,size_q3,Office
30,0,16053,3383,0.210739425652526,8784,3382,1,0.547187441599701,0.3850182149362477,7269,1,1,0.452812558400299,0.0001375705048837,0,0,0,0.0,0.0,0,0,0,0.0,0.0,2,2,0,positive_high,size_q3,Education
32,0,8784,3379,0.3846766848816029,8784,3379,1,1.0,0.3846766848816029,0,0,0,0.0,0.0,0,0,0,0.0,0.0,0,0,0,0.0,0.0,1,1,0,positive_high,size_q2,Office
34,0,8784,3385,0.3853597449908925,8784,3385,1,1.0,0.3853597449908925,0,0,0,0.0,0.0,0,0,0,0.0,0.0,0,0,0,0.0,0.0,1,1,0,positive_high,size_q2,Lodging/residential
36,0,8784,3378,0.3845628415300546,8784,3378,1,1.0,0.3845628415300546,0,0,0,0.0,0.0,0,0,0,0.0,0.0,0,0,0,0.0,0.0,1,1,0,positive_high,size_q2,Lodging/residential
38,0,8784,3378,0.3845628415300546,8784,3378,1,1.0,0.3845628415300546,0,0,0,0.0,0.0,0,0,0,0.0,0.0,0,0,0,0.0,0.0,1,1,0,positive_high,size_q2,Office
40,0,8428,3395,0.4028239202657807,8428,3395,1,1.0,0.4028239202657807,0,0,0,0.0,0.0,0,0,0,0.0,0.0,0,0,0,0.0,0.0,1,1,0,positive_high,size_q1,Entertainment/public assembly
42,0,8784,3380,0.3847905282331512,8784,3380,1,1.0,0.3847905282331512,0,0,0,0.0,0.0,0,0,0,0.0,0.0,0,0,0,0.0,0.0,1,1,0,positive_high,size_q2,Other
44,0,8784,3378,0.3845628415300546,8784,3378,1,1.0,0.3845628415300546,0,0,0,0.0,0.0,0,0,0,0.0,0.0,0,0,0,0.0,0.0,1,1,0,positive_high,size_q2,Retail
46,0,8784,3378,0.3845628415300546,8784,3378,1,1.0,0.3845628415300546,0,0,0,0.0,0.0,0,0,0,0.0,0.0,0,0,0,0.0,0.0,1,1,0,positive_high,size_q2,Retail
48,0,7371,1974,0.2678062678062678,7371,1974,1,1.0,0.2678062678062678,0,0,0,0.0,0.0,0,0,0,0.0,0.0,0,0,0,0.0,0.0,1,1,0,positive_high,size_q1,Other
50,0,13931,3379,0.2425525805756944,8784,3378,1,0.63053621419855,0.3845628415300546,5147,1,1,0.36946378580145,0.0001942879347192,0,0,0,0.0,0.0,0,0,0,0.0,0.0,2,2,0,positive_high,size_q3,Other
52,0,8784,3378,0.3845628415300546,8784,3378,1,1.0,0.3845628415300546,0,0,0,0.0,0.0,0,0,0,0.0,0.0,0,0,0,0.0,0.0,1,1,0,positive_high,size_q2,Education
54,0,8784,3381,0.3849043715846995,8784,3381,1,1.0,0.3849043715846995,0,0,0,0.0,0.0,0,0,0,0.0,0.0,0,0,0,0.0,0.0,1,1,0,positive_high,size_q2,Education
56,0,8784,3378,0.3845628415300546,8784,3378,1,1.0,0.3845628415300546,0,0,0,0.0,0.0,0,0,0,0.0,0.0,0,0,0,0.0,0.0,1,1,0,positive_high,size_q2,Lodging/residential
58,0,8784,3378,0.3845628415300546,8784,3378,1,1.0,0.3845628415300546,0,0,0,0.0,0.0,0,0,0,0.0,0.0,0,0,0,0.0,0.0,1,1,0,positive_high,size_q2,Lodging/residential
60,0,16052,4823,0.3004610017443309,8784,3378,1,0.5472215300274109,0.3845628415300546,7268,1445,1,0.4527784699725891,0.1988167308750688,0,0,0,0.0,0.0,0,0,0,0.0,0.0,2,2,0,positive_high,size_q3,Education
62,0,8784,3380,0.3847905282331512,8784,3380,1,1.0,0.3847905282331512,0,0,0,0.0,0.0,0,0,0,0.0,0.0,0,0,0,0.0,0.0,1,1,0,positive_high,size_q2,Lodging/residential
64,0,8784,3380,0.3847905282331512,8784,3380,1,1.0,0.3847905282331512,0,0,0,0.0,0.0,0,0,0,0.0,0.0,0,0,0,0.0,0.0,1,1,0,positive_high,size_q2,Lodging/residential
66,0,8784,3381,0.3849043715846995,8784,3381,1,1.0,0.3849043715846995,0,0,0,0.0,0.0,0,0,0,0.0,0.0,0,0,0,0.0,0.0,1,1,0,positive_high,size_q2,Lodging/residential
68,0,8784,3384,0.3852459016393442,8784,3384,1,1.0,0.3852459016393442,0,0,0,0.0,0.0,0,0,0,0.0,0.0,0,0,0,0.0,0.0,1,1,0,positive_high,size_q2,Parking
70,0,8784,3378,0.3845628415300546,8784,3378,1,1.0,0.3845628415300546,0,0,0,0.0,0.0,0,0,0,0.0,0.0,0,0,0,0.0,0.0,1,1,0,positive_high,size_q2,Parking
72,0,8784,3378,0.3845628415300546,8784,3378,1,1.0,0.3845628415300546,0,0,0,0.0,0.0,0,0,0,0.0,0.0,0,0,0,0.0,0.0,1,1,0,positive_high,size_q2,Parking
74,0,8784,3381,0.3849043715846995,8784,3381,1,1.0,0.3849043715846995,0,0,0,0.0,0.0,0,0,0,0.0,0.0,0,0,0,0.0,0.0,1,1,0,positive_high,size_q2,Parking
76,0,16053,3381,0.2106148383479723,8784,3380,1,0.547187441599701,0.3847905282331512,7269,1,1,0.452812558400299,0.0001375705048837,0,0,0,0.0,0.0,0,0,0,0.0,0.0,2,2,0,positive_high,size_q3,Education
78,0,16052,3446,0.2146772987789683,8784,3445,1,0.5472215300274109,0.3921903460837887,7268,1,1,0.4527784699725891,0.0001375894331315,0,0,0,0.0,0.0,0,0,0,0.0,0.0,2,2,0,positive_high,size_q3,Education
80,0,8784,3380,0.3847905282331512,8784,3380,1,1.0,0.3847905282331512,0,0,0,0.0,0.0,0,0,0,0.0,0.0,0,0,0,0.0,0.0,1,1,0,positive_high,size_q2,Office
82,0,16053,3381,0.2106148383479723,8784,3380,1,0.547187441599701,0.3847905282331512,7269,1,1,0.452812558400299,0.0001375705048837,0,0,0,0.0,0.0,0,0,0,0.0,0.0,2,2,0,positive_high,size_q3,Office
84,0,8784,3379,0.3846766848816029,8784,3379,1,1.0,0.3846766848816029,0,0,0,0.0,0.0,0,0,0,0.0,0.0,0,0,0,0.0,0.0,1,1,0,positive_high,size_q2,Office
86,0,8784,3382,0.3850182149362477,8784,3382,1,1.0,0.3850182149362477,0,0,0,0.0,0.0,0,0,0,0.0,0.0,0,0,0,0.0,0.0,1,1,0,positive_high,size_q2,Education
88,0,8784,3379,0.3846766848816029,8784,3379,1,1.0,0.3846766848816029,0,0,0,0.0,0.0,0,0,0,0.0,0.0,0,0,0,0.0,0.0,1,1,0,positive_high,size_q2,Entertainment/public assembly
90,0,8784,3381,0.3849043715846995,8784,3381,1,1.0,0.3849043715846995,0,0,0,0.0,0.0,0,0,0,0.0,0.0,0,0,0,0.0,0.0,1,1,0,positive_high,size_q2,Lodging/residential
92,0,16053,3379,0.2104902510434186,8784,3378,1,0.547187441599701,0.3845628415300546,7269,1,1,0.452812558400299,0.0001375705048837,0,0,0,0.0,0.0,0,0,0,0.0,0.0,2,2,0,positive_high,size_q3,Office
94,0,8784,3450,0.3927595628415301,8784,3450,1,1.0,0.3927595628415301,0,0,0,0.0,0.0,0,0,0,0.0,0.0,0,0,0,0.0,0.0,1,1,0,positive_high,size_q2,Education
96,0,15717,3394,0.2159445186740472,8784,3378,1,0.5588852834510403,0.3845628415300546,6933,16,1,0.4411147165489597,0.0023078032597721,0,0,0,0.0,0.0,0,0,0,0.0,0.0,2,2,0,positive_high,size_q3,Lodging/residential
98,0,14063,4266,0.30334921425016,8784,3378,1,0.624617791367418,0.3845628415300546,5279,888,1,0.3753822086325819,0.1682136768327334,0,0,0,0.0,0.0,0,0,0,0.0,0.0,2,2,0,positive_high,size_q3,Lodging/residential
100,0,8784,3378,0.3845628415300546,8784,3378,1,1.0,0.3845628415300546,0,0,0,0.0,0.0,0,0,0,0.0,0.0,0,0,0,0.0,0.0,1,1,0,positive_high,size_q2,Lodging/residential
102,0,8784,3380,0.3847905282331512,8784,3380,1,1.0,0.3847905282331512,0,0,0,0.0,0.0,0,0,0,0.0,0.0,0,0,0,0.0,0.0,1,1,0,positive_high,size_q2,Office
104,0,8784,3378,0.3845628415300546,8784,3378,1,1.0,0.3845628415300546,0,0,0,0.0,0.0,0,0,0,0.0,0.0,0,0,0,0.0,0.0,1,1,0,positive_high,size_q2,Office
106,1,17564,7534,0.4289455704850831,8784,7315,1,0.5001138692780688,0.832764116575592,0,0,0,0.0,0.0,0,0,0,0.0,0.0,8780,219,1,0.4998861307219312,0.0249430523917995,2,2,0,positive_high,size_q3,Education
108,1,8784,2008,0.2285974499089253,8784,2008,1,1.0,0.2285974499089253,0,0,0,0.0,0.0,0,0,0,0.0,0.0,0,0,0,0.0,0.0,1,1,0,positive_high,size_q2,Education
110,1,8784,2433,0.2769808743169399,8784,2433,1,1.0,0.2769808743169399,0,0,0,0.0,0.0,0,0,0,0.0,0.0,0,0,0,0.0,0.0,1,1,0,positive_high,size_q2,Education
112,1,17563,5714,0.3253430507316517,8784,5472,1,0.5001423447019302,0.6229508196721312,0,0,0,0.0,0.0,0,0,0,0.0,0.0,8779,242,1,0.4998576552980698,0.0275657819797243,2,2,0,positive_high,size_q3,Education
114,1,17568,1902,0.1082650273224043,8784,1858,1,0.5,0.2115209471766848,0,0,0,0.0,0.0,0,0,0,0.0,0.0,8784,44,1,0.5,0.0050091074681238,2,2,0,positive_high,size_q3,Education
116,1,8784,75,0.0085382513661202,8784,75,1,1.0,0.0085382513661202,0,0,0,0.0,0.0,0,0,0,0.0,0.0,0,0,0,0.0,0.0,1,1,0,positive_mid,size_q2,Education
118,1,8784,110,0.0125227686703096,8784,110,1,1.0,0.0125227686703096,0,0,0,0.0,0.0,0,0,0,0.0,0.0,0,0,0,0.0,0.0,1,1,0,positive_mid,size_q2,Education
120,1,8784,1702,0.1937613843351548,8784,1702,1,1.0,0.1937613843351548,0,0,0,0.0,0.0,0,0,0,0.0,0.0,0,0,0,0.0,0.0,1,1,0,positive_high,size_q2,Education
122,1,8784,10,0.0011384335154826,8784,10,1,1.0,0.0011384335154826,0,0,0,0.0,0.0,0,0,0,0.0,0.0,0,0,0,0.0,0.0,1,1,0,positive_low,size_q2,Education
124,1,8784,57,0.0064890710382513,8784,57,1,1.0,0.0064890710382513,0,0,0,0.0,0.0,0,0,0,0.0,0.0,0,0,0,0.0,0.0,1,1,0,positive_mid,size_q2,Education
126,1,8784,6,0.0006830601092896,8784,6,1,1.0,0.0006830601092896,0,0,0,0.0,0.0,0,0,0,0.0,0.0,0,0,0,0.0,0.0,1,1,0,positive_low,size_q2,Education
128,1,8784,6,0.0006830601092896,8784,6,1,1.0,0.0006830601092896,0,0,0,0.0,0.0,0,0,0,0.0,0.0,0,0,0,0.0,0.0,1,1,0,positive_low,size_q2,Lodging/residential
130,1,8784,6,0.0006830601092896,8784,6,1,1.0,0.0006830601092896,0,0,0,0.0,0.0,0,0,0,0.0,0.0,0,0,0,0.0,0.0,1,1,0,positive_low,size_q2,Lodging/residential
132,1,8784,6,0.0006830601092896,8784,6,1,1.0,0.0006830601092896,0,0,0,0.0,0.0,0,0,0,0.0,0.0,0,0,0,0.0,0.0,1,1,0,positive_low,size_q2,Lodging/residential
134,1,8784,6,0.0006830601092896,8784,6,1,1.0,0.0006830601092896,0,0,0,0.0,0.0,0,0,0,0.0,0.0,0,0,0,0.0,0.0,1,1,0,positive_low,size_q2,Lodging/residential
136,1,8784,1886,0.2147085610200364,8784,1886,1,1.0,0.2147085610200364,0,0,0,0.0,0.0,0,0,0,0.0,0.0,0,0,0,0.0,0.0,1,1,0,positive_high,size_q2,Lodging/residential
138,1,17564,2991,0.170291505351856,8784,2284,1,0.5001138692780688,0.2600182149362477,0,0,0,0.0,0.0,0,0,0,0.0,0.0,8780,707,1,0.4998861307219312,0.0805239179954441,2,2,0,positive_high,size_q3,Public services
140,1,8784,2030,0.2311020036429872,8784,2030,1,1.0,0.2311020036429872,0,0,0,0.0,0.0,0,0,0,0.0,0.0,0,0,0,0.0,0.0,1,1,0,positive_high,size_q2,Office
142,1,8784,2357,0.2683287795992714,8784,2357,1,1.0,0.2683287795992714,0,0,0,0.0,0.0,0,0,0,0.0,0.0,0,0,0,0.0,0.0,1,1,0,positive_high,size_q2,Office
144,1,17567,5691,0.3239596971594466,8784,5581,1,0.5000284624580179,0.6353597449908925,0,0,0,0.0,0.0,0,0,0,0.0,0.0,8783,110,1,0.4999715375419821,0.0125241944665831,2,2,0,positive_high,size_q3,Office
146,1,8784,6,0.0006830601092896,8784,6,1,1.0,0.0006830601092896,0,0,0,0.0,0.0,0,0,0,0.0,0.0,0,0,0,0.0,0.0,1,1,0,positive_low,size_q2,Office
148,1,8784,160,0.0182149362477231,8784,160,1,1.0,0.0182149362477231,0,0,0,0.0,0.0,0,0,0,0.0,0.0,0,0,0,0.0,0.0,1,1,0,positive_mid,size_q2,Office
150,1,8784,9,0.0010245901639344,8784,9,1,1.0,0.0010245901639344,0,0,0,0.0,0.0,0,0,0,0.0,0.0,0,0,0,0.0,0.0,1,1,0,positive_low,size_q3,Office
152,1,8782,1930,0.2197677066727397,8782,1930,1,1.0,0.2197677066727397,0,0,0,0.0,0.0,0,0,0,0.0,0.0,0,0,0,0.0,0.0,1,1,0,positive_high,size_q2,Office
154,1,8784,9,0.0010245901639344,8784,9,1,1.0,0.0010245901639344,0,0,0,0.0,0.0,0,0,0,0.0,0.0,0,0,0,0.0,0.0,1,1,0,positive_low,size_q3,Office
156,2,8783,39,0.0044403962199703,8783,39,1,1.0,0.0044403962199703,0,0,0,0.0,0.0,0,0,0,0.0,0.0,0,0,0,0.0,0.0,1,1,0,positive_mid,size_q2,Public services
158,2,8783,0,0.0,8783,0,1,1.0,0.0,0,0,0,0.0,0.0,0,0,0,0.0,0.0,0,0,0,0.0,0.0,1,0,1,zero,size_q2,Office
160,2,8610,0,0.0,8610,0,1,1.0,0.0,0,0,0,0.0,0.0,0,0,0,0.0,0.0,0,0,0,0.0,0.0,1,0,1,zero,size_q1,Entertainment/public assembly
162,2,17565,1266,0.0720751494449188,8783,0,1,0.5000284656988329,0.0,8782,1266,1,0.4999715343011671,0.1441585060350717,0,0,0,0.0,0.0,0,0,0,0.0,0.0,2,1,0,positive_high,size_q3,Education
164,2,8737,12,0.0013734691541719,8737,12,1,1.0,0.0013734691541719,0,0,0,0.0,0.0,0,0,0,0.0,0.0,0,0,0,0.0,0.0,1,1,0,positive_low,size_q1,Warehouse/storage
166,2,26349,75,0.0028464078333143,8783,0,1,0.3333333333333333,0.0,8783,3,1,0.3333333333333333,0.0003415689399977,0,0,0,0.0,0.0,8783,72,1,0.3333333333333333,0.0081976545599453,3,2,0,positive_low,size_q4,Lodging/residential
168,2,26332,135,0.0051268418654109,8783,29,1,0.3335485341029925,0.0033018330866446,8783,0,1,0.3335485341029925,0.0,0,0,0,0.0,0.0,8766,106,1,0.3329029317940148,0.0120921743098334,3,2,0,positive_mid,size_q4,Education
170,2,17566,7,0.000398497096664,8783,7,1,0.5,0.000796994193328,8783,0,1,0.5,0.0,0,0,0,0.0,0.0,0,0,0,0.0,0.0,2,1,0,positive_low,size_q3,Retail
172,2,17566,418,0.023795969486508,8783,18,1,0.5,0.0020494136399863,8783,400,1,0.5,0.0455425253330297,0,0,0,0.0,0.0,0,0,0,0.0,0.0,2,2,0,positive_mid,size_q3,Office
174,2,17562,17,0.000967999088942,8781,17,1,0.5,0.001935998177884,8781,0,1,0.5,0.0,0,0,0,0.0,0.0,0,0,0,0.0,0.0,2,1,0,positive_low,size_q3,Education
176,2,26349,3443,0.1306690956013511,8783,0,1,0.3333333333333333,0.0,8783,0,1,0.3333333333333333,0.0,0,0,0,0.0,0.0,8783,3443,1,0.3333333333333333,0.3920072868040533,3,1,0,positive_high,size_q4,Education
178,2,17562,5,0.0002847056143947,8781,5,1,0.5,0.0005694112287894,8781,0,1,0.5,0.0,0,0,0,0.0,0.0,0,0,0,0.0,0.0,2,1,0,positive_low,size_q3,Office
180,2,17562,15289,0.8705728276961622,8781,7644,1,0.5,0.8705158865732833,8781,7645,1,0.5,0.8706297688190411,0,0,0,0.0,0.0,0,0,0,0.0,0.0,2,2,0,positive_high,size_q3,Education
182,2,8403,32,0.0038081637510412,8403,32,1,1.0,0.0038081637510412,0,0,0,0.0,0.0,0,0,0,0.0,0.0,0,0,0,0.0,0.0,1,1,0,positive_low,size_q1,Entertainment/public assembly
184,2,24171,0,0.0,8781,0,1,0.363286583095445,0.0,6609,0,1,0.2734268338091101,0.0,0,0,0,0.0,0.0,8781,0,1,0.363286583095445,0.0,3,0,1,zero,size_q4,Education
186,2,8781,759,0.0864366245302357,8781,759,1,1.0,0.0864366245302357,0,0,0,0.0,0.0,0,0,0,0.0,0.0,0,0,0,0.0,0.0,1,1,0,positive_high,size_q1,Religious worship
188,2,17562,1982,0.1128573055460653,8781,191,1,0.5,0.0217515089397562,8781,1791,1,0.5,0.2039631021523744,0,0,0,0.0,0.0,0,0,0,0.0,0.0,2,2,0,positive_high,size_q3,Office
190,2,26343,1317,0.0499943058877121,8781,137,1,0.3333333333333333,0.0156018676688304,8781,1180,1,0.3333333333333333,0.1343810499943059,0,0,0,0.0,0.0,8781,0,1,0.3333333333333333,0.0,3,2,0,positive_high,size_q4,Education
192,2,26151,5881,0.2248862376199762,8781,40,1,0.3357806584834232,0.0045552898303154,8781,5676,1,0.3357806584834232,0.6463956269217629,0,0,0,0.0,0.0,8589,165,1,0.3284386830331536,0.0192106182326231,3,3,0,positive_high,size_q4,Education
194,2,17562,0,0.0,8781,0,1,0.5,0.0,8781,0,1,0.5,0.0,0,0,0,0.0,0.0,0,0,0,0.0,0.0,2,0,1,zero,size_q3,Office
196,2,8781,19,0.0021637626693998,8781,19,1,1.0,0.0021637626693998,0,0,0,0.0,0.0,0,0,0,0.0,0.0,0,0,0,0.0,0.0,1,1,0,positive_low,size_q1,Entertainment/public assembly
198,2,17562,245,0.013950575105341,8781,26,1,0.5,0.002960938389705,8781,219,1,0.5,0.0249402118209771,0,0,0,0.0,0.0,0,0,0,0.0,0.0,2,2,0,positive_mid,size_q3,Office
200,2,26343,7160,0.2717989598754887,8781,32,1,0.3333333333333333,0.0036442318642523,8781,70,1,0.3333333333333333,0.007971757203052,0,0,0,0.0,0.0,8781,7058,1,0.3333333333333333,0.8037808905591618,3,3,0,positive_high,size_q4,Entertainment/public assembly
202,2,25896,202,0.0078004324992276,8781,28,1,0.3390871177015755,0.0031887028812208,8781,0,1,0.3390871177015755,0.0,0,0,0,0.0,0.0,8334,174,1,0.3218257645968489,0.0208783297336213,3,2,0,positive_mid,size_q4,Lodging/residential
204,2,17562,34,0.001935998177884,8781,34,1,0.5,0.0038719963557681,8781,0,1,0.5,0.0,0,0,0,0.0,0.0,0,0,0,0.0,0.0,2,1,0,positive_low,size_q3,Lodging/residential
206,2,26344,743,0.0282037655633161,8781,43,1,0.3333206802307926,0.0048969365675891,8782,440,1,0.3333586395384148,0.0501024823502619,0,0,0,0.0,0.0,8781,260,1,0.3333206802307926,0.0296093838970504,3,3,0,positive_mid,size_q4,Public services
208,2,17545,17,0.0009689370190937,8762,17,1,0.4994015388999715,0.0019401963022141,8783,0,1,0.5005984611000285,0.0,0,0,0,0.0,0.0,0,0,0,0.0,0.0,2,1,0,positive_low,size_q3,Healthcare
210,2,26343,33,0.0012527047033367,8781,33,1,0.3333333333333333,0.0037581141100102,8781,0,1,0.3333333333333333,0.0,0,0,0,0.0,0.0,8781,0,1,0.3333333333333333,0.0,3,1,0,positive_low,size_q4,Education
212,2,26332,441,0.0167476834270089,8781,69,1,0.3334725808901717,0.0078578749572941,8781,3,1,0.3334725808901717,0.0003416467372736,0,0,0,0.0,0.0,8770,369,1,0.3330548382196567,0.0420752565564424,3,3,0,positive_mid,size_q4,Education
214,2,17562,218,0.0124131647876096,8781,218,1,0.5,0.0248263295752192,8781,0,1,0.5,0.0,0,0,0,0.0,0.0,0,0,0,0.0,0.0,2,1,0,positive_mid,size_q3,Education
216,2,26347,3617,0.1372831821459748,8782,0,1,0.3333206816715375,0.0,8783,0,1,0.3333586366569249,0.0,0,0,0,0.0,0.0,8782,3617,1,0.3333206816715375,0.4118651787747666,3,1,0,positive_high,size_q4,Education
218,2,8782,7646,0.8706445001138693,8782,7646,1,1.0,0.8706445001138693,0,0,0,0.0,0.0,0,0,0,0.0,0.0,0,0,0,0.0,0.0,1,1,0,positive_high,size_q2,Public services
220,2,26348,212,0.008046151510551,8782,54,1,0.3333080309700926,0.0061489410157139,8784,5,1,0.3333839380598148,0.0005692167577413,0,0,0,0.0,0.0,8782,153,1,0.3333080309700926,0.0174219995445228,3,3,0,positive_mid,size_q4,Education
222,2,17548,9,0.0005128789605653,8782,9,1,0.5004558924093914,0.0010248235026189,8766,0,1,0.4995441075906086,0.0,0,0,0,0.0,0.0,0,0,0,0.0,0.0,2,1,0,positive_low,size_q3,Entertainment/public assembly
224,2,26346,45,0.0017080391710316,8782,45,1,0.3333333333333333,0.0051241175130949,8782,0,1,0.3333333333333333,0.0,0,0,0,0.0,0.0,8782,0,1,0.3333333333333333,0.0,3,1,0,positive_low,size_q4,Education
226,2,26346,23,0.0008729977985272,8782,23,1,0.3333333333333333,0.0026189933955818,8782,0,1,0.3333333333333333,0.0,0,0,0,0.0,0.0,8782,0,1,0.3333333333333333,0.0,3,1,0,positive_low,size_q4,Office
228,2,26346,8340,0.3165565930312002,8782,21,1,0.3333333333333333,0.0023912548394443,8782,1030,1,0.3333333333333333,0.1172853564108403,0,0,0,0.0,0.0,8782,7289,1,0.3333333333333333,0.8299931678433159,3,3,0,positive_high,size_q4,Lodging/residential
230,2,8782,0,0.0,8782,0,1,1.0,0.0,0,0,0,0.0,0.0,0,0,0,0.0,0.0,0,0,0,0.0,0.0,1,0,1,zero,size_q2,Education
232,2,17564,20,0.0011386927806877,8782,20,1,0.5,0.0022773855613755,0,0,0,0.0,0.0,0,0,0,0.0,0.0,8782,0,1,0.5,0.0,2,1,0,positive_low,size_q3,Entertainment/public assembly
234,2,26346,0,0.0,8782,0,1,0.3333333333333333,0.0,8782,0,1,0.3333333333333333,0.0,0,0,0,0.0,0.0,8782,0,1,0.3333333333333333,0.0,3,0,1,zero,size_q4,Education
236,2,26346,2398,0.0910195096029757,8782,28,1,0.3333333333333333,0.0031883397859257,8782,1393,1,0.3333333333333333,0.1586199043498064,0,0,0,0.0,0.0,8782,977,1,0.3333333333333333,0.1112502846731951,3,3,0,positive_high,size_q4,Entertainment/public assembly
238,2,17564,394,0.022432247779549,8782,39,1,0.5,0.0044409018446823,8782,355,1,0.5,0.0404235937144158,0,0,0,0.0,0.0,0,0,0,0.0,0.0,2,2,0,positive_mid,size_q3,Office
240,2,26346,366,0.0138920519243907,8782,58,1,0.3333333333333333,0.006604418127989,8782,229,1,0.3333333333333333,0.0260760646777499,0,0,0,0.0,0.0,8782,79,1,0.3333333333333333,0.0089956729674333,3,3,0,positive_mid,size_q4,Lodging/residential
242,2,8782,1,0.0001138692780687,8782,1,1,1.0,0.0001138692780687,0,0,0,0.0,0.0,0,0,0,0.0,0.0,0,0,0,0.0,0.0,1,1,0,positive_low,size_q2,Parking
244,2,26346,2147,0.0814924466712214,8782,29,1,0.3333333333333333,0.0033022090639945,8782,0,1,0.3333333333333333,0.0,0,0,0,0.0,0.0,8782,2118,1,0.3333333333333333,0.2411751309496697,3,2,0,positive_high,size_q4,Education
246,2,26346,290,0.0110073635466484,8782,42,1,0.3333333333333333,0.0047825096788886,8782,3,1,0.3333333333333333,0.0003416078342063,0,0,0,0.0,0.0,8782,245,1,0.3333333333333333,0.0278979731268503,3,3,0,positive_mid,size_q4,Office
248,2,26346,2329,0.0884005162073939,8782,693,1,0.3333333333333333,0.0789114097016625,8782,297,1,0.3333333333333333,0.0338191755864267,0,0,0,0.0,0.0,8782,1339,1,0.3333333333333333,0.1524709633340924,3,3,0,positive_high,size_q4,Education
250,2,26346,2001,0.0759508084718742,8782,727,1,0.3333333333333333,0.0827829651560009,8782,0,1,0.3333333333333333,0.0,0,0,0,0.0,0.0,8782,1274,1,0.3333333333333333,0.1450694602596219,3,2,0,positive_high,size_q4,Education
252,2,17555,5344,0.304414696667616,8772,39,1,0.4996866989461692,0.0044459644322845,8783,5305,1,0.5003133010538309,0.6040077422293066,0,0,0,0.0,0.0,0,0,0,0.0,0.0,2,2,0,positive_high,size_q3,Education
254,2,26349,1364,0.0517666704618771,8783,118,1,0.3333333333333333,0.0134350449732437,8783,94,1,0.3333333333333333,0.0107024934532619,0,0,0,0.0,0.0,8783,1152,1,0.3333333333333333,0.1311624729591256,3,3,0,positive_high,size_q4,Entertainment/public assembly
256,2,17561,0,0.0,8780,0,1,0.4999715278173224,0.0,8781,0,1,0.5000284721826775,0.0,0,0,0,0.0,0.0,0,0,0,0.0,0.0,2,0,1,zero,size_q3,Education
258,2,17566,4685,0.2667084139815552,8783,2297,1,0.5,0.2615279517249231,8783,2388,1,0.5,0.2718888762381874,0,0,0,0.0,0.0,0,0,0,0.0,0.0,2,2,0,positive_high,size_q3,Education
260,2,26349,6665,0.2529507761205359,8783,2560,1,0.3333333333333333,0.2914721621313902,8783,3914,1,0.3333333333333333,0.4456336103836957,0,0,0,0.0,0.0,8783,191,1,0.3333333333333333,0.0217465558465216,3,3,0,positive_high,size_q4,Education
262,2,8783,10,0.0011385631333257,8783,10,1,1.0,0.0011385631333257,0,0,0,0.0,0.0,0,0,0,0.0,0.0,0,0,0,0.0,0.0,1,1,0,positive_low,size_q2,Entertainment/public assembly
264,2,26349,1191,0.0452009563930319,8783,17,1,0.3333333333333333,0.0019355573266537,8783,923,1,0.3333333333333333,0.105089377205966,0,0,0,0.0,0.0,8783,251,1,0.3333333333333333,0.0285779346464761,3,3,0,positive_high,size_q4,Office
266,2,8783,13,0.0014801320733234,8783,13,1,1.0,0.0014801320733234,0,0,0,0.0,0.0,0,0,0,0.0,0.0,0,0,0,0.0,0.0,1,1,0,positive_low,size_q2,Education
268,2,17566,271,0.0154275304565638,8783,2,1,0.5,0.0002277126266651,8783,269,1,0.5,0.0306273482864624,0,0,0,0.0,0.0,0,0,0,0.0,0.0,2,2,0,positive_mid,size_q3,Entertainment/public assembly
270,2,14135,14,0.0009904492394764,8735,14,1,0.6179695790590732,0.0016027475672581,5400,0,1,0.3820304209409267,0.0,0,0,0,0.0,0.0,0,0,0,0.0,0.0,2,1,0,positive_low,size_q3,Office
272,2,8784,0,0.0,8784,0,1,1.0,0.0,0,0,0,0.0,0.0,0,0,0,0.0,0.0,0,0,0,0.0,0.0,1,0,1,zero,size_q3,Education
274,2,8783,7,0.000796994193328,8783,7,1,1.0,0.000796994193328,0,0,0,0.0,0.0,0,0,0,0.0,0.0,0,0,0,0.0,0.0,1,1,0,positive_low,size_q2,Office
276,2,8783,22,0.0025048388933166,8783,22,1,1.0,0.0025048388933166,0,0,0,0.0,0.0,0,0,0,0.0,0.0,0,0,0,0.0,0.0,1,1,0,positive_low,size_q2,Office
278,2,8783,267,0.0303996356597973,8783,267,1,1.0,0.0303996356597973,0,0,0,0.0,0.0,0,0,0,0.0,0.0,0,0,0,0.0,0.0,1,1,0,positive_mid,size_q2,Office
280,2,8781,28,0.0031887028812208,8781,28,1,1.0,0.0031887028812208,0,0,0,0.0,0.0,0,0,0,0.0,0.0,0,0,0,0.0,0.0,1,1,0,positive_low,size_q1,Entertainment/public assembly
282,2,17477,107,0.0061223322080448,8694,0,1,0.4974537964181496,0.0,8783,107,1,0.5025462035818504,0.0121826255265854,0,0,0,0.0,0.0,0,0,0,0.0,0.0,2,1,0,positive_mid,size_q3,Office
284,2,26349,912,0.0346123192531025,8783,30,1,0.3333333333333333,0.0034156893999772,8783,311,1,0.3333333333333333,0.0354093134464306,0,0,0,0.0,0.0,8783,571,1,0.3333333333333333,0.0650119549128999,3,3,0,positive_mid,size_q4,Entertainment/public assembly
286,2,17566,58,0.0033018330866446,8783,36,1,0.5,0.0040988272799726,8783,22,1,0.5,0.0025048388933166,0,0,0,0.0,0.0,0,0,0,0.0,0.0,2,2,0,positive_low,size_q3,Lodging/residential
288,2,8783,12,0.0013662757599908,8783,12,1,1.0,0.0013662757599908,0,0,0,0.0,0.0,0,0,0,0.0,0.0,0,0,0,0.0,0.0,1,1,0,positive_low,size_q2,Entertainment/public assembly
290,2,17566,982,0.0559034498462939,8783,6,1,0.5,0.0006831378799954,8783,976,1,0.5,0.1111237618125925,0,0,0,0.0,0.0,0,0,0,0.0,0.0,2,2,0,positive_high,size_q3,Office
292,3,8692,0,0.0,8692,0,1,1.0,0.0,0,0,0,0.0,0.0,0,0,0,0.0,0.0,0,0,0,0.0,0.0,1,0,1,zero,size_q1,Public services
294,3,8782,0,0.0,8782,0,1,1.0,0.0,0,0,0,0.0,0.0,0,0,0,0.0,0.0,0,0,0,0.0,0.0,1,0,1,zero,size_q2,Entertainment/public assembly
296,3,8438,32,0.0037923678596823,8438,32,1,1.0,0.0037923678596823,0,0,0,0.0,0.0,0,0,0,0.0,0.0,0,0,0,0.0,0.0,1,1,0,positive_low,size_q1,Public services
298,3,8582,5,0.0005826147751106,8582,5,1,1.0,0.0005826147751106,0,0,0,0.0,0.0,0,0,0,0.0,0.0,0,0,0,0.0,0.0,1,1,0,positive_low,size_q1,Entertainment/public assembly
300,3,8637,1,0.0001157809424568,8637,1,1,1.0,0.0001157809424568,0,0,0,0.0,0.0,0,0,0,0.0,0.0,0,0,0,0.0,0.0,1,1,0,positive_low,size_q1,Education
302,3,8782,23,0.0026189933955818,8782,23,1,1.0,0.0026189933955818,0,0,0,0.0,0.0,0,0,0,0.0,0.0,0,0,0,0.0,0.0,1,1,0,positive_low,size_q2,Education
304,3,8782,2,0.0002277385561375,8782,2,1,1.0,0.0002277385561375,0,0,0,0.0,0.0,0,0,0,0.0,0.0,0,0,0,0.0,0.0,1,1,0,positive_low,size_q2,Entertainment/public assembly
306,3,8758,0,0.0,8758,0,1,1.0,0.0,0,0,0,0.0,0.0,0,0,0,0.0,0.0,0,0,0,0.0,0.0,1,0,1,zero,size_q1,Education
308,3,8782,1,0.0001138692780687,8782,1,1,1.0,0.0001138692780687,0,0,0,0.0,0.0,0,0,0,0.0,0.0,0,0,0,0.0,0.0,1,1,0,positive_low,size_q2,Public services
310,3,8782,24,0.0027328626736506,8782,24,1,1.0,0.0027328626736506,0,0,0,0.0,0.0,0,0,0,0.0,0.0,0,0,0,0.0,0.0,1,1,0,positive_low,size_q2,Public services
312,3,8782,101,0.0115007970849464,8782,101,1,1.0,0.0115007970849464,0,0,0,0.0,0.0,0,0,0,0.0,0.0,0,0,0,0.0,0.0,1,1,0,positive_mid,size_q2,Entertainment/public assembly
314,3,8758,388,0.0443023521351906,8758,388,1,1.0,0.0443023521351906,0,0,0,0.0,0.0,0,0,0,0.0,0.0,0,0,0,0.0,0.0,1,1,0,positive_high,size_q1,Education
316,3,8782,0,0.0,8782,0,1,1.0,0.0,0,0,0,0.0,0.0,0,0,0,0.0,0.0,0,0,0,0.0,0.0,1,0,1,zero,size_q2,Public services
318,3,8734,0,0.0,8734,0,1,1.0,0.0,0,0,0,0.0,0.0,0,0,0,0.0,0.0,0,0,0,0.0,0.0,1,0,1,zero,size_q1,Office
320,3,8782,8,0.0009109542245502,8782,8,1,1.0,0.0009109542245502,0,0,0,0.0,0.0,0,0,0,0.0,0.0,0,0,0,0.0,0.0,1,1,0,positive_low,size_q2,Education
322,3,8782,0,0.0,8782,0,1,1.0,0.0,0,0,0,0.0,0.0,0,0,0,0.0,0.0,0,0,0,0.0,0.0,1,0,1,zero,size_q2,Education
324,3,8782,0,0.0,8782,0,1,1.0,0.0,0,0,0,0.0,0.0,0,0,0,0.0,0.0,0,0,0,0.0,0.0,1,0,1,zero,size_q2,Entertainment/public assembly
326,3,8758,0,0.0,8758,0,1,1.0,0.0,0,0,0,0.0,0.0,0,0,0,0.0,0.0,0,0,0,0.0,0.0,1,0,1,zero,size_q1,Entertainment/public assembly
328,3,8758,0,0.0,8758,0,1,1.0,0.0,0,0,0,0.0,0.0,0,0,0,0.0,0.0,0,0,0,0.0,0.0,1,0,1,zero,size_q1,Education
330,3,8782,0,0.0,8782,0,1,1.0,0.0,0,0,0,0.0,0.0,0,0,0,0.0,0.0,0,0,0,0.0,0.0,1,0,1,zero,size_q2,Education
332,3,8734,0,0.0,8734,0,1,1.0,0.0,0,0,0,0.0,0.0,0,0,0,0.0,0.0,0,0,0,0.0,0.0,1,0,1,zero,size_q1,Education
334,3,8758,0,0.0,8758,0,1,1.0,0.0,0,0,0,0.0,0.0,0,0,0,0.0,0.0,0,0,0,0.0,0.0,1,0,1,zero,size_q1,Education
336,3,8782,2,0.0002277385561375,8782,2,1,1.0,0.0002277385561375,0,0,0,0.0,0.0,0,0,0,0.0,0.0,0,0,0,0.0,0.0,1,1,0,positive_low,size_q2,Education
338,3,8758,0,0.0,8758,0,1,1.0,0.0,0,0,0,0.0,0.0,0,0,0,0.0,0.0,0,0,0,0.0,0.0,1,0,1,zero,size_q1,Entertainment/public assembly
340,3,8782,6,0.0006832156684126,8782,6,1,1.0,0.0006832156684126,0,0,0,0.0,0.0,0,0,0,0.0,0.0,0,0,0,0.0,0.0,1,1,0,positive_low,size_q2,Entertainment/public assembly
342,3,8781,5,0.0005694112287894,8781,5,1,1.0,0.0005694112287894,0,0,0,0.0,0.0,0,0,0,0.0,0.0,0,0,0,0.0,0.0,1,1,0,positive_low,size_q1,Lodging/residential
344,3,8758,0,0.0,8758,0,1,1.0,0.0,0,0,0,0.0,0.0,0,0,0,0.0,0.0,0,0,0,0.0,0.0,1,0,1,zero,size_q1,Education
346,3,8782,0,0.0,8782,0,1,1.0,0.0,0,0,0,0.0,0.0,0,0,0,0.0,0.0,0,0,0,0.0,0.0,1,0,1,zero,size_q2,Entertainment/public assembly
348,3,8758,0,0.0,8758,0,1,1.0,0.0,0,0,0,0.0,0.0,0,0,0,0.0,0.0,0,0,0,0.0,0.0,1,0,1,zero,size_q1,Public services
350,3,8779,1,0.0001139081899988,8779,1,1,1.0,0.0001139081899988,0,0,0,0.0,0.0,0,0,0,0.0,0.0,0,0,0,0.0,0.0,1,1,0,positive_low,size_q1,Education
352,3,8734,0,0.0,8734,0,1,1.0,0.0,0,0,0,0.0,0.0,0,0,0,0.0,0.0,0,0,0,0.0,0.0,1,0,1,zero,size_q1,Education
354,3,8757,0,0.0,8757,0,1,1.0,0.0,0,0,0,0.0,0.0,0,0,0,0.0,0.0,0,0,0,0.0,0.0,1,0,1,zero,size_q1,Education
356,3,8782,18,0.0020496470052379,8782,18,1,1.0,0.0020496470052379,0,0,0,0.0,0.0,0,0,0,0.0,0.0,0,0,0,0.0,0.0,1,1,0,positive_low,size_q2,Public services
358,3,8758,0,0.0,8758,0,1,1.0,0.0,0,0,0,0.0,0.0,0,0,0,0.0,0.0,0,0,0,0.0,0.0,1,0,1,zero,size_q1,Education
360,3,8758,16,0.0018269011189769,8758,16,1,1.0,0.0018269011189769,0,0,0,0.0,0.0,0,0,0,0.0,0.0,0,0,0,0.0,0.0,1,1,0,positive_low,size_q1,Education
362,3,8782,0,0.0,8782,0,1,1.0,0.0,0,0,0,0.0,0.0,0,0,0,0.0,0.0,0,0,0,0.0,0.0,1,0,1,zero,size_q2,Public services
364,3,8758,0,0.0,8758,0,1,1.0,0.0,0,0,0,0.0,0.0,0,0,0,0.0,0.0,0,0,0,0.0,0.0,1,0,1,zero,size_q1,Education
366,3,8743,0,0.0,8743,0,1,1.0,0.0,0,0,0,0.0,0.0,0,0,0,0.0,0.0,0,0,0,0.0,0.0,1,0,1,zero,size_q1,Public services
368,3,8782,0,0.0,8782,0,1,1.0,0.0,0,0,0,0.0,0.0,0,0,0,0.0,0.0,0,0,0,0.0,0.0,1,0,1,zero,size_q2,Retail
370,3,8782,0,0.0,8782,0,1,1.0,0.0,0,0,0,0.0,0.0,0,0,0,0.0,0.0,0,0,0,0.0,0.0,1,0,1,zero,size_q2,Entertainment/public assembly
372,3,8782,2,0.0002277385561375,8782,2,1,1.0,0.0002277385561375,0,0,0,0.0,0.0,0,0,0,0.0,0.0,0,0,0,0.0,0.0,1,1,0,positive_low,size_q2,Education
374,3,8761,4,0.0004565688848304,8761,4,1,1.0,0.0004565688848304,0,0,0,0.0,0.0,0,0,0,0.0,0.0,0,0,0,0.0,0.0,1,1,0,positive_low,size_q1,Lodging/residential
376,3,7486,73,0.0097515362009083,7486,73,1,1.0,0.0097515362009083,0,0,0,0.0,0.0,0,0,0,0.0,0.0,0,0,0,0.0,0.0,1,1,0,positive_mid,size_q1,Office
378,3,8782,0,0.0,8782,0,1,1.0,0.0,0,0,0,0.0,0.0,0,0,0,0.0,0.0,0,0,0,0.0,0.0,1,0,1,zero,size_q2,Public services
380,3,8758,0,0.0,8758,0,1,1.0,0.0,0,0,0,0.0,0.0,0,0,0,0.0,0.0,0,0,0,0.0,0.0,1,0,1,zero,size_q1,Education
382,3,8758,1,0.000114181319936,8758,1,1,1.0,0.000114181319936,0,0,0,0.0,0.0,0,0,0,0.0,0.0,0,0,0,0.0,0.0,1,1,0,positive_low,size_q1,Education
384,3,8782,11,0.0012525620587565,8782,11,1,1.0,0.0012525620587565,0,0,0,0.0,0.0,0,0,0,0.0,0.0,0,0,0,0.0,0.0,1,1,0,positive_low,size_q2,Office
386,3,8758,10,0.0011418131993605,8758,10,1,1.0,0.0011418131993605,0,0,0,0.0,0.0,0,0,0,0.0,0.0,0,0,0,0.0,0.0,1,1,0,positive_low,size_q1,Entertainment/public assembly
388,3,8782,0,0.0,8782,0,1,1.0,0.0,0,0,0,0.0,0.0,0,0,0,0.0,0.0,0,0,0,0.0,0.0,1,0,1,zero,size_q2,Public services
390,3,8782,0,0.0,8782,0,1,1.0,0.0,0,0,0,0.0,0.0,0,0,0,0.0,0.0,0,0,0,0.0,0.0,1,0,1,zero,size_q2,Office
392,3,8782,2,0.0002277385561375,8782,2,1,1.0,0.0002277385561375,0,0,0,0.0,0.0,0,0,0,0.0,0.0,0,0,0,0.0,0.0,1,1,0,positive_low,size_q2,Education
394,3,8782,2,0.0002277385561375,8782,2,1,1.0,0.0002277385561375,0,0,0,0.0,0.0,0,0,0,0.0,0.0,0,0,0,0.0,0.0,1,1,0,positive_low,size_q2,Entertainment/public assembly
396,3,8782,0,0.0,8782,0,1,1.0,0.0,0,0,0,0.0,0.0,0,0,0,0.0,0.0,0,0,0,0.0,0.0,1,0,1,zero,size_q2,Public services
398,3,8758,0,0.0,8758,0,1,1.0,0.0,0,0,0,0.0,0.0,0,0,0,0.0,0.0,0,0,0,0.0,0.0,1,0,1,zero,size_q1,Education
400,3,8782,0,0.0,8782,0,1,1.0,0.0,0,0,0,0.0,0.0,0,0,0,0.0,0.0,0,0,0,0.0,0.0,1,0,1,zero,size_q2,Public services
402,3,8775,0,0.0,8775,0,1,1.0,0.0,0,0,0,0.0,0.0,0,0,0,0.0,0.0,0,0,0,0.0,0.0,1,0,1,zero,size_q1,Public services
404,3,8782,78,0.0088818036893646,8782,78,1,1.0,0.0088818036893646,0,0,0,0.0,0.0,0,0,0,0.0,0.0,0,0,0,0.0,0.0,1,1,0,positive_mid,size_q2,Public services
406,3,8782,0,0.0,8782,0,1,1.0,0.0,0,0,0,0.0,0.0,0,0,0,0.0,0.0,0,0,0,0.0,0.0,1,0,1,zero,size_q2,Entertainment/public assembly
408,3,8782,2,0.0002277385561375,8782,2,1,1.0,0.0002277385561375,0,0,0,0.0,0.0,0,0,0,0.0,0.0,0,0,0,0.0,0.0,1,1,0,positive_low,size_q2,Entertainment/public assembly
410,3,8758,0,0.0,8758,0,1,1.0,0.0,0,0,0,0.0,0.0,0,0,0,0.0,0.0,0,0,0,0.0,0.0,1,0,1,zero,size_q1,Education
412,3,8782,3,0.0003416078342063,8782,3,1,1.0,0.0003416078342063,0,0,0,0.0,0.0,0,0,0,0.0,0.0,0,0,0,0.0,0.0,1,1,0,positive_low,size_q2,Education
414,3,8782,3,0.0003416078342063,8782,3,1,1.0,0.0003416078342063,0,0,0,0.0,0.0,0,0,0,0.0,0.0,0,0,0,0.0,0.0,1,1,0,positive_low,size_q2,Entertainment/public assembly
416,3,8782,0,0.0,8782,0,1,1.0,0.0,0,0,0,0.0,0.0,0,0,0,0.0,0.0,0,0,0,0.0,0.0,1,0,1,zero,size_q2,Public services
418,3,8782,0,0.0,8782,0,1,1.0,0.0,0,0,0,0.0,0.0,0,0,0,0.0,0.0,0,0,0,0.0,0.0,1,0,1,zero,size_q2,Entertainment/public assembly
420,3,2327,0,0.0,2327,0,1,1.0,0.0,0,0,0,0.0,0.0,0,0,0,0.0,0.0,0,0,0,0.0,0.0,1,0,1,zero,size_q1,Public services
422,3,8782,1,0.0001138692780687,8782,1,1,1.0,0.0001138692780687,0,0,0,0.0,0.0,0,0,0,0.0,0.0,0,0,0,0.0,0.0,1,1,0,positive_low,size_q2,Public services
424,3,8782,0,0.0,8782,0,1,1.0,0.0,0,0,0,0.0,0.0,0,0,0,0.0,0.0,0,0,0,0.0,0.0,1,0,1,zero,size_q2,Public services
426,3,8782,1,0.0001138692780687,8782,1,1,1.0,0.0001138692780687,0,0,0,0.0,0.0,0,0,0,0.0,0.0,0,0,0,0.0,0.0,1,1,0,positive_low,size_q2,Education
428,3,8782,0,0.0,8782,0,1,1.0,0.0,0,0,0,0.0,0.0,0,0,0,0.0,0.0,0,0,0,0.0,0.0,1,0,1,zero,size_q2,Entertainment/public assembly
430,3,8782,21,0.0023912548394443,8782,21,1,1.0,0.0023912548394443,0,0,0,0.0,0.0,0,0,0,0.0,0.0,0,0,0,0.0,0.0,1,1,0,positive_low,size_q2,Public services
432,3,8782,8,0.0009109542245502,8782,8,1,1.0,0.0009109542245502,0,0,0,0.0,0.0,0,0,0,0.0,0.0,0,0,0,0.0,0.0,1,1,0,positive_low,size_q2,Public services
434,3,8781,0,0.0,8781,0,1,1.0,0.0,0,0,0,0.0,0.0,0,0,0,0.0,0.0,0,0,0,0.0,0.0,1,0,1,zero,size_q1,Education
436,3,8782,0,0.0,8782,0,1,1.0,0.0,0,0,0,0.0,0.0,0,0,0,0.0,0.0,0,0,0,0.0,0.0,1,0,1,zero,size_q2,Lodging/residential
438,3,8782,0,0.0,8782,0,1,1.0,0.0,0,0,0,0.0,0.0,0,0,0,0.0,0.0,0,0,0,0.0,0.0,1,0,1,zero,size_q2,Public services
440,3,8782,8,0.0009109542245502,8782,8,1,1.0,0.0009109542245502,0,0,0,0.0,0.0,0,0,0,0.0,0.0,0,0,0,0.0,0.0,1,1,0,positive_low,size_q2,Public services
442,3,8782,24,0.0027328626736506,8782,24,1,1.0,0.0027328626736506,0,0,0,0.0,0.0,0,0,0,0.0,0.0,0,0,0,0.0,0.0,1,1,0,positive_low,size_q2,Education
444,3,8782,0,0.0,8782,0,1,1.0,0.0,0,0,0,0.0,0.0,0,0,0,0.0,0.0,0,0,0,0.0,0.0,1,0,1,zero,size_q2,Public services
446,3,8782,0,0.0,8782,0,1,1.0,0.0,0,0,0,0.0,0.0,0,0,0,0.0,0.0,0,0,0,0.0,0.0,1,0,1,zero,size_q2,Public services
448,3,8758,4,0.0004567252797442,8758,4,1,1.0,0.0004567252797442,0,0,0,0.0,0.0,0,0,0,0.0,0.0,0,0,0,0.0,0.0,1,1,0,positive_low,size_q1,Office
450,3,8758,3,0.0003425439598081,8758,3,1,1.0,0.0003425439598081,0,0,0,0.0,0.0,0,0,0,0.0,0.0,0,0,0,0.0,0.0,1,1,0,positive_low,size_q1,Education
452,3,8758,0,0.0,8758,0,1,1.0,0.0,0,0,0,0.0,0.0,0,0,0,0.0,0.0,0,0,0,0.0,0.0,1,0,1,zero,size_q1,Education
454,3,8782,0,0.0,8782,0,1,1.0,0.0,0,0,0,0.0,0.0,0,0,0,0.0,0.0,0,0,0,0.0,0.0,1,0,1,zero,size_q2,Public services
456,3,8758,7,0.0007992692395524,8758,7,1,1.0,0.0007992692395524,0,0,0,0.0,0.0,0,0,0,0.0,0.0,0,0,0,0.0,0.0,1,1,0,positive_low,size_q1,Public services
458,3,8782,24,0.0027328626736506,8782,24,1,1.0,0.0027328626736506,0,0,0,0.0,0.0,0,0,0,0.0,0.0,0,0,0,0.0,0.0,1,1,0,positive_low,size_q2,Entertainment/public assembly
460,3,8758,0,0.0,8758,0,1,1.0,0.0,0,0,0,0.0,0.0,0,0,0,0.0,0.0,0,0,0,0.0,0.0,1,0,1,zero,size_q1,Public services
462,3,8758,2,0.0002283626398721,8758,2,1,1.0,0.0002283626398721,0,0,0,0.0,0.0,0,0,0,0.0,0.0,0,0,0,0.0,0.0,1,1,0,positive_low,size_q1,Public services
464,3,8782,0,0.0,8782,0,1,1.0,0.0,0,0,0,0.0,0.0,0,0,0,0.0,0.0,0,0,0,0.0,0.0,1,0,1,zero,size_q2,Public services
466,3,8782,0,0.0,8782,0,1,1.0,0.0,0,0,0,0.0,0.0,0,0,0,0.0,0.0,0,0,0,0.0,0.0,1,0,1,zero,size_q2,Public services
468,3,8782,0,0.0,8782,0,1,1.0,0.0,0,0,0,0.0,0.0,0,0,0,0.0,0.0,0,0,0,0.0,0.0,1,0,1,zero,size_q2,Office
470,3,8758,73,0.0083352363553322,8758,73,1,1.0,0.0083352363553322,0,0,0,0.0,0.0,0,0,0,0.0,0.0,0,0,0,0.0,0.0,1,1,0,positive_mid,size_q1,Public services
472,3,8782,1,0.0001138692780687,8782,1,1,1.0,0.0001138692780687,0,0,0,0.0,0.0,0,0,0,0.0,0.0,0,0,0,0.0,0.0,1,1,0,positive_low,size_q2,Education
474,3,8781,0,0.0,8781,0,1,1.0,0.0,0,0,0,0.0,0.0,0,0,0,0.0,0.0,0,0,0,0.0,0.0,1,0,1,zero,size_q2,Public services
476,3,8758,110,0.0125599451929664,8758,110,1,1.0,0.0125599451929664,0,0,0,0.0,0.0,0,0,0,0.0,0.0,0,0,0,0.0,0.0,1,1,0,positive_mid,size_q1,Entertainment/public assembly
478,3,8782,0,0.0,8782,0,1,1.0,0.0,0,0,0,0.0,0.0,0,0,0,0.0,0.0,0,0,0,0.0,0.0,1,0,1,zero,size_q2,Lodging/residential
480,3,8782,1,0.0001138692780687,8782,1,1,1.0,0.0001138692780687,0,0,0,0.0,0.0,0,0,0,0.0,0.0,0,0,0,0.0,0.0,1,1,0,positive_low,size_q2,Office
482,3,8782,10,0.0011386927806877,8782,10,1,1.0,0.0011386927806877,0,0,0,0.0,0.0,0,0,0,0.0,0.0,0,0,0,0.0,0.0,1,1,0,positive_low,size_q2,Education
484,3,8782,4,0.0004554771122751,8782,4,1,1.0,0.0004554771122751,0,0,0,0.0,0.0,0,0,0,0.0,0.0,0,0,0,0.0,0.0,1,1,0,positive_low,size_q2,Public services
486,3,8758,19,0.0021694450787851,8758,19,1,1.0,0.0021694450787851,0,0,0,0.0,0.0,0,0,0,0.0,0.0,0,0,0,0.0,0.0,1,1,0,positive_low,size_q1,Education
488,3,8758,1,0.000114181319936,8758,1,1,1.0,0.000114181319936,0,0,0,0.0,0.0,0,0,0,0.0,0.0,0,0,0,0.0,0.0,1,1,0,positive_low,size_q1,Education
490,3,8782,0,0.0,8782,0,1,1.0,0.0,0,0,0,0.0,0.0,0,0,0,0.0,0.0,0,0,0,0.0,0.0,1,0,1,zero,size_q2,Education
492,3,8542,96,0.0112385858112854,8542,96,1,1.0,0.0112385858112854,0,0,0,0.0,0.0,0,0,0,0.0,0.0,0,0,0,0.0,0.0,1,1,0,positive_mid,size_q1,Education
494,3,8779,10,0.0011390818999886,8779,10,1,1.0,0.0011390818999886,0,0,0,0.0,0.0,0,0,0,0.0,0.0,0,0,0,0.0,0.0,1,1,0,positive_low,size_q1,Education
496,3,8781,0,0.0,8781,0,1,1.0,0.0,0,0,0,0.0,0.0,0,0,0,0.0,0.0,0,0,0,0.0,0.0,1,0,1,zero,size_q2,Public services
498,3,8758,0,0.0,8758,0,1,1.0,0.0,0,0,0,0.0,0.0,0,0,0,0.0,0.0,0,0,0,0.0,0.0,1,0,1,zero,size_q1,Entertainment/public assembly
500,3,8662,0,0.0,8662,0,1,1.0,0.0,0,0,0,0.0,0.0,0,0,0,0.0,0.0,0,0,0,0.0,0.0,1,0,1,zero,size_q1,Education
502,3,8782,0,0.0,8782,0,1,1.0,0.0,0,0,0,0.0,0.0,0,0,0,0.0,0.0,0,0,0,0.0,0.0,1,0,1,zero,size_q2,Public services
504,3,8782,25,0.0028467319517194,8782,25,1,1.0,0.0028467319517194,0,0,0,0.0,0.0,0,0,0,0.0,0.0,0,0,0,0.0,0.0,1,1,0,positive_low,size_q2,Warehouse/storage
506,3,8781,1,0.0001138822457578,8781,1,1,1.0,0.0001138822457578,0,0,0,0.0,0.0,0,0,0,0.0,0.0,0,0,0,0.0,0.0,1,1,0,positive_low,size_q2,Other
508,3,8753,2,0.000228493088084,8753,2,1,1.0,0.000228493088084,0,0,0,0.0,0.0,0,0,0,0.0,0.0,0,0,0,0.0,0.0,1,1,0,positive_low,size_q1,Other
510,3,8758,2,0.0002283626398721,8758,2,1,1.0,0.0002283626398721,0,0,0,0.0,0.0,0,0,0,0.0,0.0,0,0,0,0.0,0.0,1,1,0,positive_low,size_q1,Public services
512,3,8782,1,0.0001138692780687,8782,1,1,1.0,0.0001138692780687,0,0,0,0.0,0.0,0,0,0,0.0,0.0,0,0,0,0.0,0.0,1,1,0,positive_low,size_q2,Lodging/residential
514,3,8657,0,0.0,8657,0,1,1.0,0.0,0,0,0,0.0,0.0,0,0,0,0.0,0.0,0,0,0,0.0,0.0,1,0,1,zero,size_q1,Public services
516,3,8782,5,0.0005693463903438,8782,5,1,1.0,0.0005693463903438,0,0,0,0.0,0.0,0,0,0,0.0,0.0,0,0,0,0.0,0.0,1,1,0,positive_low,size_q2,Public services
518,3,8710,0,0.0,8710,0,1,1.0,0.0,0,0,0,0.0,0.0,0,0,0,0.0,0.0,0,0,0,0.0,0.0,1,0,1,zero,size_q1,Public services
520,3,8782,0,0.0,8782,0,1,1.0,0.0,0,0,0,0.0,0.0,0,0,0,0.0,0.0,0,0,0,0.0,0.0,1,0,1,zero,size_q2,Office
522,3,8490,0,0.0,8490,0,1,1.0,0.0,0,0,0,0.0,0.0,0,0,0,0.0,0.0,0,0,0,0.0,0.0,1,0,1,zero,size_q1,Office
524,3,8737,0,0.0,8737,0,1,1.0,0.0,0,0,0,0.0,0.0,0,0,0,0.0,0.0,0,0,0,0.0,0.0,1,0,1,zero,size_q1,Public services
526,3,8782,0,0.0,8782,0,1,1.0,0.0,0,0,0,0.0,0.0,0,0,0,0.0,0.0,0,0,0,0.0,0.0,1,0,1,zero,size_q2,Public services
528,3,5231,2,0.0003823360734085,5231,2,1,1.0,0.0003823360734085,0,0,0,0.0,0.0,0,0,0,0.0,0.0,0,0,0,0.0,0.0,1,1,0,positive_low,size_q1,Public services
530,3,8782,0,0.0,8782,0,1,1.0,0.0,0,0,0,0.0,0.0,0,0,0,0.0,0.0,0,0,0,0.0,0.0,1,0,1,zero,size_q2,Public services
532,3,8782,0,0.0,8782,0,1,1.0,0.0,0,0,0,0.0,0.0,0,0,0,0.0,0.0,0,0,0,0.0,0.0,1,0,1,zero,size_q2,Entertainment/public assembly
534,3,8782,45,0.0051241175130949,8782,45,1,1.0,0.0051241175130949,0,0,0,0.0,0.0,0,0,0,0.0,0.0,0,0,0,0.0,0.0,1,1,0,positive_mid,size_q2,Entertainment/public assembly
536,3,8782,20,0.0022773855613755,8782,20,1,1.0,0.0022773855613755,0,0,0,0.0,0.0,0,0,0,0.0,0.0,0,0,0,0.0,0.0,1,1,0,positive_low,size_q2,Entertainment/public assembly
538,3,8782,0,0.0,8782,0,1,1.0,0.0,0,0,0,0.0,0.0,0,0,0,0.0,0.0,0,0,0,0.0,0.0,1,0,1,zero,size_q2,Religious worship
540,3,8758,0,0.0,8758,0,1,1.0,0.0,0,0,0,0.0,0.0,0,0,0,0.0,0.0,0,0,0,0.0,0.0,1,0,1,zero,size_q1,Education
542,3,8782,0,0.0,8782,0,1,1.0,0.0,0,0,0,0.0,0.0,0,0,0,0.0,0.0,0,0,0,0.0,0.0,1,0,1,zero,size_q2,Education
544,3,8518,0,0.0,8518,0,1,1.0,0.0,0,0,0,0.0,0.0,0,0,0,0.0,0.0,0,0,0,0.0,0.0,1,0,1,zero,size_q1,Public services
546,3,8662,0,0.0,8662,0,1,1.0,0.0,0,0,0,0.0,0.0,0,0,0,0.0,0.0,0,0,0,0.0,0.0,1,0,1,zero,size_q1,Public services
548,3,8758,0,0.0,8758,0,1,1.0,0.0,0,0,0,0.0,0.0,0,0,0,0.0,0.0,0,0,0,0.0,0.0,1,0,1,zero,size_q1,Healthcare
550,3,8758,0,0.0,8758,0,1,1.0,0.0,0,0,0,0.0,0.0,0,0,0,0.0,0.0,0,0,0,0.0,0.0,1,0,1,zero,size_q1,Public services
552,3,8782,2,0.0002277385561375,8782,2,1,1.0,0.0002277385561375,0,0,0,0.0,0.0,0,0,0,0.0,0.0,0,0,0,0.0,0.0,1,1,0,positive_low,size_q2,Public services
554,3,8782,1,0.0001138692780687,8782,1,1,1.0,0.0001138692780687,0,0,0,0.0,0.0,0,0,0,0.0,0.0,0,0,0,0.0,0.0,1,1,0,positive_low,size_q2,Entertainment/public assembly
556,3,8757,16,0.0018271097407788,8757,16,1,1.0,0.0018271097407788,0,0,0,0.0,0.0,0,0,0,0.0,0.0,0,0,0,0.0,0.0,1,1,0,positive_low,size_q1,Healthcare
558,3,8758,2,0.0002283626398721,8758,2,1,1.0,0.0002283626398721,0,0,0,0.0,0.0,0,0,0,0.0,0.0,0,0,0,0.0,0.0,1,1,0,positive_low,size_q1,Office
560,3,8710,24,0.0027554535017221,8710,24,1,1.0,0.0027554535017221,0,0,0,0.0,0.0,0,0,0,0.0,0.0,0,0,0,0.0,0.0,1,1,0,positive_low,size_q1,Office
562,3,8782,33,0.0037576861762696,8782,33,1,1.0,0.0037576861762696,0,0,0,0.0,0.0,0,0,0,0.0,0.0,0,0,0,0.0,0.0,1,1,0,positive_low,size_q2,Education
564,3,8782,0,0.0,8782,0,1,1.0,0.0,0,0,0,0.0,0.0,0,0,0,0.0,0.0,0,0,0,0.0,0.0,1,0,1,zero,size_q2,Public services
566,4,8624,2,0.0002319109461966,8624,2,1,1.0,0.0002319109461966,0,0,0,0.0,0.0,0,0,0,0.0,0.0,0,0,0,0.0,0.0,1,1,0,positive_low,size_q1,Education
568,4,3298,0,0.0,3298,0,1,1.0,0.0,0,0,0,0.0,0.0,0,0,0,0.0,0.0,0,0,0,0.0,0.0,1,0,1,zero,size_q1,Education
570,4,8783,5,0.0005692815666628,8783,5,1,1.0,0.0005692815666628,0,0,0,0.0,0.0,0,0,0,0.0,0.0,0,0,0,0.0,0.0,1,1,0,positive_low,size_q2,Education
572,4,8712,2,0.0002295684113865,8712,2,1,1.0,0.0002295684113865,0,0,0,0.0,0.0,0,0,0,0.0,0.0,0,0,0,0.0,0.0,1,1,0,positive_low,size_q1,Education
574,4,8783,0,0.0,8783,0,1,1.0,0.0,0,0,0,0.0,0.0,0,0,0,0.0,0.0,0,0,0,0.0,0.0,1,0,1,zero,size_q2,Education
576,4,8783,0,0.0,8783,0,1,1.0,0.0,0,0,0,0.0,0.0,0,0,0,0.0,0.0,0,0,0,0.0,0.0,1,0,1,zero,size_q2,Education
578,4,8783,0,0.0,8783,0,1,1.0,0.0,0,0,0,0.0,0.0,0,0,0,0.0,0.0,0,0,0,0.0,0.0,1,0,1,zero,size_q2,Lodging/residential
580,4,8783,0,0.0,8783,0,1,1.0,0.0,0,0,0,0.0,0.0,0,0,0,0.0,0.0,0,0,0,0.0,0.0,1,0,1,zero,size_q2,Education
582,4,8736,0,0.0,8736,0,1,1.0,0.0,0,0,0,0.0,0.0,0,0,0,0.0,0.0,0,0,0,0.0,0.0,1,0,1,zero,size_q1,Education
584,4,8783,0,0.0,8783,0,1,1.0,0.0,0,0,0,0.0,0.0,0,0,0,0.0,0.0,0,0,0,0.0,0.0,1,0,1,zero,size_q2,Education
586,4,8783,0,0.0,8783,0,1,1.0,0.0,0,0,0,0.0,0.0,0,0,0,0.0,0.0,0,0,0,0.0,0.0,1,0,1,zero,size_q2,Public services
588,4,8783,0,0.0,8783,0,1,1.0,0.0,0,0,0,0.0,0.0,0,0,0,0.0,0.0,0,0,0,0.0,0.0,1,0,1,zero,size_q2,Education
590,4,8737,3563,0.4078058830262103,8737,3563,1,1.0,0.4078058830262103,0,0,0,0.0,0.0,0,0,0,0.0,0.0,0,0,0,0.0,0.0,1,1,0,positive_high,size_q1,Education
592,4,8779,14,0.001594714659984,8779,14,1,1.0,0.001594714659984,0,0,0,0.0,0.0,0,0,0,0.0,0.0,0,0,0,0.0,0.0,1,1,0,positive_low,size_q1,Education
594,4,8783,0,0.0,8783,0,1,1.0,0.0,0,0,0,0.0,0.0,0,0,0,0.0,0.0,0,0,0,0.0,0.0,1,0,1,zero,size_q2,Education
596,4,8775,0,0.0,8775,0,1,1.0,0.0,0,0,0,0.0,0.0,0,0,0,0.0,0.0,0,0,0,0.0,0.0,1,0,1,zero,size_q1,Education
598,4,8783,0,0.0,8783,0,1,1.0,0.0,0,0,0,0.0,0.0,0,0,0,0.0,0.0,0,0,0,0.0,0.0,1,0,1,zero,size_q2,Public services
600,4,8773,0,0.0,8773,0,1,1.0,0.0,0,0,0,0.0,0.0,0,0,0,0.0,0.0,0,0,0,0.0,0.0,1,0,1,zero,size_q1,Education
602,4,5713,4,0.0007001575354454,5713,4,1,1.0,0.0007001575354454,0,0,0,0.0,0.0,0,0,0,0.0,0.0,0,0,0,0.0,0.0,1,1,0,positive_low,size_q1,Entertainment/public assembly
604,4,1012,285,0.2816205533596838,1012,285,1,1.0,0.2816205533596838,0,0,0,0.0,0.0,0,0,0,0.0,0.0,0,0,0,0.0,0.0,1,1,0,positive_high,size_q1,Education
606,4,8750,0,0.0,8750,0,1,1.0,0.0,0,0,0,0.0,0.0,0,0,0,0.0,0.0,0,0,0,0.0,0.0,1,0,1,zero,size_q1,Utility
608,4,8783,0,0.0,8783,0,1,1.0,0.0,0,0,0,0.0,0.0,0,0,0,0.0,0.0,0,0,0,0.0,0.0,1,0,1,zero,size_q2,Entertainment/public assembly
610,4,8783,0,0.0,8783,0,1,1.0,0.0,0,0,0,0.0,0.0,0,0,0,0.0,0.0,0,0,0,0.0,0.0,1,0,1,zero,size_q2,Entertainment/public assembly
612,4,8779,0,0.0,8779,0,1,1.0,0.0,0,0,0,0.0,0.0,0,0,0,0.0,0.0,0,0,0,0.0,0.0,1,0,1,zero,size_q1,Education
614,4,8783,0,0.0,8783,0,1,1.0,0.0,0,0,0,0.0,0.0,0,0,0,0.0,0.0,0,0,0,0.0,0.0,1,0,1,zero,size_q2,Lodging/residential
616,4,8783,0,0.0,8783,0,1,1.0,0.0,0,0,0,0.0,0.0,0,0,0,0.0,0.0,0,0,0,0.0,0.0,1,0,1,zero,size_q2,Education
618,4,8783,0,0.0,8783,0,1,1.0,0.0,0,0,0,0.0,0.0,0,0,0,0.0,0.0,0,0,0,0.0,0.0,1,0,1,zero,size_q2,Education
620,4,8783,8,0.0009108505066605,8783,8,1,1.0,0.0009108505066605,0,0,0,0.0,0.0,0,0,0,0.0,0.0,0,0,0,0.0,0.0,1,1,0,positive_low,size_q2,Education
622,4,8783,0,0.0,8783,0,1,1.0,0.0,0,0,0,0.0,0.0,0,0,0,0.0,0.0,0,0,0,0.0,0.0,1,0,1,zero,size_q2,Education
624,4,8783,0,0.0,8783,0,1,1.0,0.0,0,0,0,0.0,0.0,0,0,0,0.0,0.0,0,0,0,0.0,0.0,1,0,1,zero,size_q2,Education
626,4,6690,2,0.0002989536621823,6690,2,1,1.0,0.0002989536621823,0,0,0,0.0,0.0,0,0,0,0.0,0.0,0,0,0,0.0,0.0,1,1,0,positive_low,size_q1,Public services
628,4,8783,0,0.0,8783,0,1,1.0,0.0,0,0,0,0.0,0.0,0,0,0,0.0,0.0,0,0,0,0.0,0.0,1,0,1,zero,size_q2,Education
630,4,8781,0,0.0,8781,0,1,1.0,0.0,0,0,0,0.0,0.0,0,0,0,0.0,0.0,0,0,0,0.0,0.0,1,0,1,zero,size_q2,Education
632,4,8775,1,0.0001139601139601,8775,1,1,1.0,0.0001139601139601,0,0,0,0.0,0.0,0,0,0,0.0,0.0,0,0,0,0.0,0.0,1,1,0,positive_low,size_q1,Education
634,4,8783,0,0.0,8783,0,1,1.0,0.0,0,0,0,0.0,0.0,0,0,0,0.0,0.0,0,0,0,0.0,0.0,1,0,1,zero,size_q2,Education
636,4,8778,0,0.0,8778,0,1,1.0,0.0,0,0,0,0.0,0.0,0,0,0,0.0,0.0,0,0,0,0.0,0.0,1,0,1,zero,size_q1,Education
638,4,8783,0,0.0,8783,0,1,1.0,0.0,0,0,0,0.0,0.0,0,0,0,0.0,0.0,0,0,0,0.0,0.0,1,0,1,zero,size_q2,Education
640,4,8783,0,0.0,8783,0,1,1.0,0.0,0,0,0,0.0,0.0,0,0,0,0.0,0.0,0,0,0,0.0,0.0,1,0,1,zero,size_q2,Entertainment/public assembly
642,4,8783,0,0.0,8783,0,1,1.0,0.0,0,0,0,0.0,0.0,0,0,0,0.0,0.0,0,0,0,0.0,0.0,1,0,1,zero,size_q2,Education
644,4,8723,0,0.0,8723,0,1,1.0,0.0,0,0,0,0.0,0.0,0,0,0,0.0,0.0,0,0,0,0.0,0.0,1,0,1,zero,size_q1,Entertainment/public assembly
646,4,8783,0,0.0,8783,0,1,1.0,0.0,0,0,0,0.0,0.0,0,0,0,0.0,0.0,0,0,0,0.0,0.0,1,0,1,zero,size_q2,Education
648,4,8772,0,0.0,8772,0,1,1.0,0.0,0,0,0,0.0,0.0,0,0,0,0.0,0.0,0,0,0,0.0,0.0,1,0,1,zero,size_q1,Education
650,4,8781,0,0.0,8781,0,1,1.0,0.0,0,0,0,0.0,0.0,0,0,0,0.0,0.0,0,0,0,0.0,0.0,1,0,1,zero,size_q2,Education
652,4,8774,0,0.0,8774,0,1,1.0,0.0,0,0,0,0.0,0.0,0,0,0,0.0,0.0,0,0,0,0.0,0.0,1,0,1,zero,size_q1,Education
654,4,8732,4,0.0004580852038479,8732,4,1,1.0,0.0004580852038479,0,0,0,0.0,0.0,0,0,0,0.0,0.0,0,0,0,0.0,0.0,1,1,0,positive_low,size_q1,Education
656,5,8784,69,0.0078551912568306,8784,69,1,1.0,0.0078551912568306,0,0,0,0.0,0.0,0,0,0,0.0,0.0,0,0,0,0.0,0.0,1,1,0,positive_mid,size_q3,Other
658,5,8784,75,0.0085382513661202,8784,75,1,1.0,0.0085382513661202,0,0,0,0.0,0.0,0,0,0,0.0,0.0,0,0,0,0.0,0.0,1,1,0,positive_mid,size_q3,Entertainment/public assembly
660,5,8784,23,0.0026183970856102,8784,23,1,1.0,0.0026183970856102,0,0,0,0.0,0.0,0,0,0,0.0,0.0,0,0,0,0.0,0.0,1,1,0,positive_low,size_q3,Entertainment/public assembly
662,5,8784,74,0.0084244080145719,8784,74,1,1.0,0.0084244080145719,0,0,0,0.0,0.0,0,0,0,0.0,0.0,0,0,0,0.0,0.0,1,1,0,positive_mid,size_q3,Entertainment/public assembly
664,5,8784,69,0.0078551912568306,8784,69,1,1.0,0.0078551912568306,0,0,0,0.0,0.0,0,0,0,0.0,0.0,0,0,0,0.0,0.0,1,1,0,positive_mid,size_q3,Entertainment/public assembly
666,5,8784,73,0.0083105646630236,8784,73,1,1.0,0.0083105646630236,0,0,0,0.0,0.0,0,0,0,0.0,0.0,0,0,0,0.0,0.0,1,1,0,positive_mid,size_q3,Entertainment/public assembly
668,5,8784,241,0.0274362477231329,8784,241,1,1.0,0.0274362477231329,0,0,0,0.0,0.0,0,0,0,0.0,0.0,0,0,0,0.0,0.0,1,1,0,positive_mid,size_q3,Entertainment/public assembly
670,5,8784,23,0.0026183970856102,8784,23,1,1.0,0.0026183970856102,0,0,0,0.0,0.0,0,0,0,0.0,0.0,0,0,0,0.0,0.0,1,1,0,positive_low,size_q3,Healthcare
672,5,8784,55,0.0062613843351548,8784,55,1,1.0,0.0062613843351548,0,0,0,0.0,0.0,0,0,0,0.0,0.0,0,0,0,0.0,0.0,1,1,0,positive_mid,size_q3,Manufacturing/industrial
674,5,8784,130,0.014799635701275,8784,130,1,1.0,0.014799635701275,0,0,0,0.0,0.0,0,0,0,0.0,0.0,0,0,0,0.0,0.0,1,1,0,positive_mid,size_q3,Entertainment/public assembly
676,5,8784,0,0.0,8784,0,1,1.0,0.0,0,0,0,0.0,0.0,0,0,0,0.0,0.0,0,0,0,0.0,0.0,1,0,1,zero,size_q3,Manufacturing/industrial
678,5,8784,431,0.0490664845173041,8784,431,1,1.0,0.0490664845173041,0,0,0,0.0,0.0,0,0,0,0.0,0.0,0,0,0,0.0,0.0,1,1,0,positive_high,size_q3,Public services
680,5,8784,102,0.0116120218579234,8784,102,1,1.0,0.0116120218579234,0,0,0,0.0,0.0,0,0,0,0.0,0.0,0,0,0,0.0,0.0,1,1,0,positive_mid,size_q3,Public services
682,5,8784,0,0.0,8784,0,1,1.0,0.0,0,0,0,0.0,0.0,0,0,0,0.0,0.0,0,0,0,0.0,0.0,1,0,1,zero,size_q3,Entertainment/public assembly
684,5,8784,356,0.0405282331511839,8784,356,1,1.0,0.0405282331511839,0,0,0,0.0,0.0,0,0,0,0.0,0.0,0,0,0,0.0,0.0,1,1,0,positive_high,size_q3,Office
686,5,8784,253,0.0288023679417122,8784,253,1,1.0,0.0288023679417122,0,0,0,0.0,0.0,0,0,0,0.0,0.0,0,0,0,0.0,0.0,1,1,0,positive_mid,size_q3,Office
688,5,8784,100,0.0113843351548269,8784,100,1,1.0,0.0113843351548269,0,0,0,0.0,0.0,0,0,0,0.0,0.0,0,0,0,0.0,0.0,1,1,0,positive_mid,size_q3,Office
690,5,8784,77,0.0087659380692167,8784,77,1,1.0,0.0087659380692167,0,0,0,0.0,0.0,0,0,0,0.0,0.0,0,0,0,0.0,0.0,1,1,0,positive_mid,size_q3,Office
692,5,8784,24,0.0027322404371584,8784,24,1,1.0,0.0027322404371584,0,0,0,0.0,0.0,0,0,0,0.0,0.0,0,0,0,0.0,0.0,1,1,0,positive_low,size_q3,Office
694,5,8784,97,0.0110428051001821,8784,97,1,1.0,0.0110428051001821,0,0,0,0.0,0.0,0,0,0,0.0,0.0,0,0,0,0.0,0.0,1,1,0,positive_mid,size_q3,Education
696,5,8784,74,0.0084244080145719,8784,74,1,1.0,0.0084244080145719,0,0,0,0.0,0.0,0,0,0,0.0,0.0,0,0,0,0.0,0.0,1,1,0,positive_mid,size_q3,Education
698,5,8784,46,0.0052367941712204,8784,46,1,1.0,0.0052367941712204,0,0,0,0.0,0.0,0,0,0,0.0,0.0,0,0,0,0.0,0.0,1,1,0,positive_mid,size_q3,Education
700,5,8784,89,0.0101320582877959,8784,89,1,1.0,0.0101320582877959,0,0,0,0.0,0.0,0,0,0,0.0,0.0,0,0,0,0.0,0.0,1,1,0,positive_mid,size_q3,Education
702,5,8784,71,0.0080828779599271,8784,71,1,1.0,0.0080828779599271,0,0,0,0.0,0.0,0,0,0,0.0,0.0,0,0,0,0.0,0.0,1,1,0,positive_mid,size_q3,Education
704,5,8784,74,0.0084244080145719,8784,74,1,1.0,0.0084244080145719,0,0,0,0.0,0.0,0,0,0,0.0,0.0,0,0,0,0.0,0.0,1,1,0,positive_mid,size_q3,Education
706,5,8784,36,0.0040983606557377,8784,36,1,1.0,0.0040983606557377,0,0,0,0.0,0.0,0,0,0,0.0,0.0,0,0,0,0.0,0.0,1,1,0,positive_mid,size_q3,Education
708,5,8784,118,0.0134335154826958,8784,118,1,1.0,0.0134335154826958,0,0,0,0.0,0.0,0,0,0,0.0,0.0,0,0,0,0.0,0.0,1,1,0,positive_mid,size_q3,Education
710,5,8784,77,0.0087659380692167,8784,77,1,1.0,0.0087659380692167,0,0,0,0.0,0.0,0,0,0,0.0,0.0,0,0,0,0.0,0.0,1,1,0,positive_mid,size_q3,Education
712,5,8784,79,0.0089936247723132,8784,79,1,1.0,0.0089936247723132,0,0,0,0.0,0.0,0,0,0,0.0,0.0,0,0,0,0.0,0.0,1,1,0,positive_mid,size_q3,Education
714,5,8784,71,0.0080828779599271,8784,71,1,1.0,0.0080828779599271,0,0,0,0.0,0.0,0,0,0,0.0,0.0,0,0,0,0.0,0.0,1,1,0,positive_mid,size_q3,Education
716,5,8784,74,0.0084244080145719,8784,74,1,1.0,0.0084244080145719,0,0,0,0.0,0.0,0,0,0,0.0,0.0,0,0,0,0.0,0.0,1,1,0,positive_mid,size_q3,Education
718,5,8784,79,0.0089936247723132,8784,79,1,1.0,0.0089936247723132,0,0,0,0.0,0.0,0,0,0,0.0,0.0,0,0,0,0.0,0.0,1,1,0,positive_mid,size_q3,Education
720,5,8784,33,0.0037568306010928,8784,33,1,1.0,0.0037568306010928,0,0,0,0.0,0.0,0,0,0,0.0,0.0,0,0,0,0.0,0.0,1,1,0,positive_low,size_q3,Education
722,5,8784,78,0.008879781420765,8784,78,1,1.0,0.008879781420765,0,0,0,0.0,0.0,0,0,0,0.0,0.0,0,0,0,0.0,0.0,1,1,0,positive_mid,size_q3,Education
724,5,8784,287,0.0326730418943533,8784,287,1,1.0,0.0326730418943533,0,0,0,0.0,0.0,0,0,0,0.0,0.0,0,0,0,0.0,0.0,1,1,0,positive_mid,size_q3,Education
726,5,8784,0,0.0,8784,0,1,1.0,0.0,0,0,0,0.0,0.0,0,0,0,0.0,0.0,0,0,0,0.0,0.0,1,0,1,zero,size_q3,Education
728,5,8784,71,0.0080828779599271,8784,71,1,1.0,0.0080828779599271,0,0,0,0.0,0.0,0,0,0,0.0,0.0,0,0,0,0.0,0.0,1,1,0,positive_mid,size_q3,Education
730,5,8784,223,0.0253870673952641,8784,223,1,1.0,0.0253870673952641,0,0,0,0.0,0.0,0,0,0,0.0,0.0,0,0,0,0.0,0.0,1,1,0,positive_mid,size_q3,Education
732,5,8784,339,0.0385928961748633,8784,339,1,1.0,0.0385928961748633,0,0,0,0.0,0.0,0,0,0,0.0,0.0,0,0,0,0.0,0.0,1,1,0,positive_mid,size_q3,Education
734,5,8784,79,0.0089936247723132,8784,79,1,1.0,0.0089936247723132,0,0,0,0.0,0.0,0,0,0,0.0,0.0,0,0,0,0.0,0.0,1,1,0,positive_mid,size_q3,Education
736,5,8784,102,0.0116120218579234,8784,102,1,1.0,0.0116120218579234,0,0,0,0.0,0.0,0,0,0,0.0,0.0,0,0,0,0.0,0.0,1,1,0,positive_mid,size_q3,Education
738,5,8784,1642,0.1869307832422586,8784,1642,1,1.0,0.1869307832422586,0,0,0,0.0,0.0,0,0,0,0.0,0.0,0,0,0,0.0,0.0,1,1,0,positive_high,size_q3,Education
740,5,8784,8784,1.0,8784,8784,1,1.0,1.0,0,0,0,0.0,0.0,0,0,0,0.0,0.0,0,0,0,0.0,0.0,1,1,0,positive_high,size_q3,Education
742,5,8784,265,0.0301684881602914,8784,265,1,1.0,0.0301684881602914,0,0,0,0.0,0.0,0,0,0,0.0,0.0,0,0,0,0.0,0.0,1,1,0,positive_mid,size_q3,Entertainment/public assembly
744,5,8784,77,0.0087659380692167,8784,77,1,1.0,0.0087659380692167,0,0,0,0.0,0.0,0,0,0,0.0,0.0,0,0,0,0.0,0.0,1,1,0,positive_mid,size_q3,Entertainment/public assembly
746,6,8776,22,0.0025068368277119,8776,22,1,1.0,0.0025068368277119,0,0,0,0.0,0.0,0,0,0,0.0,0.0,0,0,0,0.0,0.0,1,1,0,positive_low,size_q1,Office
748,6,16254,145,0.0089208810139042,8767,0,1,0.5393749230958533,0.0,7487,145,1,0.4606250769041466,0.0193669026312274,0,0,0,0.0,0.0,0,0,0,0.0,0.0,2,1,0,positive_mid,size_q3,Office
750,6,25068,504,0.0201053135471517,8760,14,1,0.3494494973671613,0.0015981735159817,7525,148,1,0.3001835008776129,0.0196677740863787,8783,342,1,0.3503670017552258,0.0389388591597404,0,0,0,0.0,0.0,3,3,0,positive_mid,size_q4,Education
752,6,7487,182,0.0243088019233337,0,0,0,0.0,0.0,7487,182,1,1.0,0.0243088019233337,0,0,0,0.0,0.0,0,0,0,0.0,0.0,1,1,0,positive_mid,size_q1,Public services
754,6,8760,0,0.0,0,0,0,0.0,0.0,0,0,0,0.0,0.0,8760,0,1,1.0,0.0,0,0,0,0.0,0.0,1,0,1,zero,size_q1,Office
756,6,8775,5,0.0005698005698005,8775,5,1,1.0,0.0005698005698005,0,0,0,0.0,0.0,0,0,0,0.0,0.0,0,0,0,0.0,0.0,1,1,0,positive_low,size_q1,Lodging/residential
758,6,17557,7190,0.4095232670729623,8775,5,1,0.4998006493136641,0.0005698005698005,0,0,0,0.0,0.0,8782,7185,1,0.5001993506863359,0.8181507629241631,0,0,0,0.0,0.0,2,2,0,positive_high,size_q3,Lodging/residential
760,6,8776,0,0.0,8776,0,1,1.0,0.0,0,0,0,0.0,0.0,0,0,0,0.0,0.0,0,0,0,0.0,0.0,1,0,1,zero,size_q1,Office
762,6,17059,7256,0.4253473239932001,8652,28,1,0.5071809601969635,0.0032362459546925,0,0,0,0.0,0.0,8407,7228,1,0.4928190398030365,0.8597597240394909,0,0,0,0.0,0.0,2,2,0,positive_high,size_q3,Education
764,6,17558,3,0.0001708622849982,8782,0,1,0.5001708622849983,0.0,0,0,0,0.0,0.0,8776,3,1,0.4998291377150017,0.000341841385597,0,0,0,0.0,0.0,2,1,0,positive_low,size_q3,Education
766,6,17549,800,0.0455866431135677,8776,0,1,0.500085474955838,0.0,0,0,0,0.0,0.0,8773,800,1,0.499914525044162,0.0911888749572552,0,0,0,0.0,0.0,2,1,0,positive_high,size_q3,Office
768,6,8721,0,0.0,8721,0,1,1.0,0.0,0,0,0,0.0,0.0,0,0,0,0.0,0.0,0,0,0,0.0,0.0,1,0,1,zero,size_q1,Education
770,6,25069,2080,0.0829710000398899,8775,3,1,0.3500339064182855,0.0003418803418803,7525,1464,1,0.3001715265866209,0.1945514950166113,8769,613,1,0.3497945669950935,0.069905348386361,0,0,0,0.0,0.0,3,3,0,positive_high,size_q4,Education
772,6,8678,2771,0.3193132058077898,0,0,0,0.0,0.0,0,0,0,0.0,0.0,8678,2771,1,1.0,0.3193132058077898,0,0,0,0.0,0.0,1,1,0,positive_high,size_q1,Lodging/residential
774,6,26325,4005,0.1521367521367521,8775,0,1,0.3333333333333333,0.0,8781,3025,1,0.3335612535612535,0.3444937934176062,8769,980,1,0.3331054131054131,0.1117573269472003,0,0,0,0.0,0.0,3,2,0,positive_high,size_q4,Lodging/residential
776,6,25023,1527,0.0610238580505934,8775,0,1,0.3506773768133317,0.0,7487,146,1,0.2992047316468849,0.01950046747696,8761,1381,1,0.3501178915397834,0.1576304074877297,0,0,0,0.0,0.0,3,2,0,positive_high,size_q4,Office
778,6,16860,7251,0.4300711743772242,8775,3,1,0.5204626334519573,0.0003418803418803,8085,7248,1,0.4795373665480427,0.8964749536178107,0,0,0,0.0,0.0,0,0,0,0.0,0.0,2,2,0,positive_high,size_q3,Entertainment/public assembly
780,6,16119,3874,0.2403374899187294,8775,7,1,0.5443886097152428,0.0007977207977207,7344,3867,1,0.4556113902847571,0.5265522875816994,0,0,0,0.0,0.0,0,0,0,0.0,0.0,2,2,0,positive_high,size_q3,Education
782,6,8781,19,0.0021637626693998,8781,19,1,1.0,0.0021637626693998,0,0,0,0.0,0.0,0,0,0,0.0,0.0,0,0,0,0.0,0.0,1,1,0,positive_low,size_q2,Education
784,6,17558,189,0.0107643239548923,8775,0,1,0.4997721836200022,0.0,0,0,0,0.0,0.0,8783,189,1,0.5002278163799977,0.0215188432198565,0,0,0,0.0,0.0,2,1,0,positive_mid,size_q3,Education
786,6,7488,180,0.0240384615384615,0,0,0,0.0,0.0,7488,180,1,1.0,0.0240384615384615,0,0,0,0.0,0.0,0,0,0,0.0,0.0,1,1,0,positive_mid,size_q1,Education
788,6,8775,1,0.0001139601139601,8775,1,1,1.0,0.0001139601139601,0,0,0,0.0,0.0,0,0,0,0.0,0.0,0,0,0,0.0,0.0,1,1,0,positive_low,size_q1,Public services
790,7,17180,124,0.0072176949941792,0,0,0,0.0,0.0,8590,124,1,0.5,0.0144353899883585,8590,0,1,0.5,0.0,0,0,0,0.0,0.0,2,1,0,positive_mid,size_q3,Education
792,7,17192,143,0.0083178222429036,0,0,0,0.0,0.0,8596,67,1,0.5,0.0077943229409027,8596,76,1,0.5,0.0088413215449046,0,0,0,0.0,0.0,2,2,0,positive_mid,size_q3,Education
794,7,26343,175,0.0066431310025433,8782,0,1,0.3333712940819193,0.0,8779,175,1,0.3332574118361614,0.0199339332498006,0,0,0,0.0,0.0,8782,0,1,0.3333712940819193,0.0,3,1,0,positive_mid,size_q4,Education
796,7,26343,975,0.037011729871313,8781,1,1,0.3333333333333333,0.0001138822457578,8781,974,1,0.3333333333333333,0.1109213073681813,8781,0,1,0.3333333333333333,0.0,0,0,0,0.0,0.0,3,2,0,positive_mid,size_q4,Education
798,7,26343,236,0.008958736666287,8781,2,1,0.3333333333333333,0.0002277644915157,8781,0,1,0.3333333333333333,0.0,8781,234,1,0.3333333333333333,0.0266484455073454,0,0,0,0.0,0.0,3,2,0,positive_mid,size_q4,Education
800,7,26343,5709,0.2167179136772577,8781,234,1,0.3333333333333333,0.0266484455073454,8781,5170,1,0.3333333333333333,0.5887712105682724,8781,305,1,0.3333333333333333,0.0347340849561553,0,0,0,0.0,0.0,3,3,0,positive_high,size_q4,Education
802,7,26343,5657,0.2147439547507877,8781,5645,1,0.3333333333333333,0.6428652773032684,8781,12,1,0.3333333333333333,0.0013665869490946,8781,0,1,0.3333333333333333,0.0,0,0,0,0.0,0.0,3,2,0,positive_high,size_q4,Education
804,8,7871,456,0.0579341887943082,7871,456,1,1.0,0.0579341887943082,0,0,0,0.0,0.0,0,0,0,0.0,0.0,0,0,0,0.0,0.0,1,1,0,positive_high,size_q1,Office
806,8,8423,168,0.0199453876291107,8423,168,1,1.0,0.0199453876291107,0,0,0,0.0,0.0,0,0,0,0.0,0.0,0,0,0,0.0,0.0,1,1,0,positive_mid,size_q1,Other
808,8,7848,120,0.0152905198776758,7848,120,1,1.0,0.0152905198776758,0,0,0,0.0,0.0,0,0,0,0.0,0.0,0,0,0,0.0,0.0,1,1,0,positive_mid,size_q1,Other
810,8,8255,0,0.0,8255,0,1,1.0,0.0,0,0,0,0.0,0.0,0,0,0,0.0,0.0,0,0,0,0.0,0.0,1,0,1,zero,size_q1,Entertainment/public assembly
812,8,7919,360,0.0454602853895693,7919,360,1,1.0,0.0454602853895693,0,0,0,0.0,0.0,0,0,0,0.0,0.0,0,0,0,0.0,0.0,1,1,0,positive_high,size_q1,Entertainment/public assembly
814,8,7823,264,0.0337466445097788,7823,264,1,1.0,0.0337466445097788,0,0,0,0.0,0.0,0,0,0,0.0,0.0,0,0,0,0.0,0.0,1,1,0,positive_mid,size_q1,Public services
816,8,7752,312,0.0402476780185758,7752,312,1,1.0,0.0402476780185758,0,0,0,0.0,0.0,0,0,0,0.0,0.0,0,0,0,0.0,0.0,1,1,0,positive_high,size_q1,Entertainment/public assembly
818,8,8447,312,0.0369361903634426,8447,312,1,1.0,0.0369361903634426,0,0,0,0.0,0.0,0,0,0,0.0,0.0,0,0,0,0.0,0.0,1,1,0,positive_mid,size_q1,Public services
820,8,7919,240,0.0303068569263795,7919,240,1,1.0,0.0303068569263795,0,0,0,0.0,0.0,0,0,0,0.0,0.0,0,0,0,0.0,0.0,1,1,0,positive_mid,size_q1,Entertainment/public assembly
822,8,8375,456,0.0544477611940298,8375,456,1,1.0,0.0544477611940298,0,0,0,0.0,0.0,0,0,0,0.0,0.0,0,0,0,0.0,0.0,1,1,0,positive_high,size_q1,Entertainment/public assembly
824,8,7871,288,0.0365900139753525,7871,288,1,1.0,0.0365900139753525,0,0,0,0.0,0.0,0,0,0,0.0,0.0,0,0,0,0.0,0.0,1,1,0,positive_mid,size_q1,Public services
826,8,8447,984,0.1164910619154729,8447,984,1,1.0,0.1164910619154729,0,0,0,0.0,0.0,0,0,0,0.0,0.0,0,0,0,0.0,0.0,1,1,0,positive_high,size_q1,Public services
828,8,7986,19,0.0023791635361883,7986,19,1,1.0,0.0023791635361883,0,0,0,0.0,0.0,0,0,0,0.0,0.0,0,0,0,0.0,0.0,1,1,0,positive_low,size_q1,Other
830,8,8351,72,0.0086217219494671,8351,72,1,1.0,0.0086217219494671,0,0,0,0.0,0.0,0,0,0,0.0,0.0,0,0,0,0.0,0.0,1,1,0,positive_mid,size_q1,Warehouse/storage
832,8,7919,480,0.0606137138527591,7919,480,1,1.0,0.0606137138527591,0,0,0,0.0,0.0,0,0,0,0.0,0.0,0,0,0,0.0,0.0,1,1,0,positive_high,size_q1,Public services
834,8,8399,336,0.0400047624717228,8399,336,1,1.0,0.0400047624717228,0,0,0,0.0,0.0,0,0,0,0.0,0.0,0,0,0,0.0,0.0,1,1,0,positive_high,size_q1,Public services
836,8,8447,0,0.0,8447,0,1,1.0,0.0,0,0,0,0.0,0.0,0,0,0,0.0,0.0,0,0,0,0.0,0.0,1,0,1,zero,size_q1,Public services
838,8,7847,360,0.0458774053778514,7847,360,1,1.0,0.0458774053778514,0,0,0,0.0,0.0,0,0,0,0.0,0.0,0,0,0,0.0,0.0,1,1,0,positive_high,size_q1,Public services
840,8,7631,312,0.0408858603066439,7631,312,1,1.0,0.0408858603066439,0,0,0,0.0,0.0,0,0,0,0.0,0.0,0,0,0,0.0,0.0,1,1,0,positive_high,size_q1,Other
842,8,7895,240,0.0303989867004433,7895,240,1,1.0,0.0303989867004433,0,0,0,0.0,0.0,0,0,0,0.0,0.0,0,0,0,0.0,0.0,1,1,0,positive_mid,size_q1,Public services
844,8,7959,19,0.0023872345772081,7959,19,1,1.0,0.0023872345772081,0,0,0,0.0,0.0,0,0,0,0.0,0.0,0,0,0,0.0,0.0,1,1,0,positive_low,size_q1,Entertainment/public assembly
846,8,8375,0,0.0,8375,0,1,1.0,0.0,0,0,0,0.0,0.0,0,0,0,0.0,0.0,0,0,0,0.0,0.0,1,0,1,zero,size_q1,Entertainment/public assembly
848,8,8351,2279,0.272901448928272,8351,2279,1,1.0,0.272901448928272,0,0,0,0.0,0.0,0,0,0,0.0,0.0,0,0,0,0.0,0.0,1,1,0,positive_high,size_q1,Office
850,8,7847,264,0.0336434306104243,7847,264,1,1.0,0.0336434306104243,0,0,0,0.0,0.0,0,0,0,0.0,0.0,0,0,0,0.0,0.0,1,1,0,positive_mid,size_q1,Public services
852,8,7799,312,0.0400051288626747,7799,312,1,1.0,0.0400051288626747,0,0,0,0.0,0.0,0,0,0,0.0,0.0,0,0,0,0.0,0.0,1,1,0,positive_high,size_q1,Public services
854,8,8519,432,0.050710177250851,8519,432,1,1.0,0.050710177250851,0,0,0,0.0,0.0,0,0,0,0.0,0.0,0,0,0,0.0,0.0,1,1,0,positive_high,size_q1,Entertainment/public assembly
856,8,8423,1080,0.1282203490442835,8423,1080,1,1.0,0.1282203490442835,0,0,0,0.0,0.0,0,0,0,0.0,0.0,0,0,0,0.0,0.0,1,1,0,positive_high,size_q1,Entertainment/public assembly
858,8,8159,216,0.0264738325775217,8159,216,1,1.0,0.0264738325775217,0,0,0,0.0,0.0,0,0,0,0.0,0.0,0,0,0,0.0,0.0,1,1,0,positive_mid,size_q1,Other
860,8,7800,264,0.0338461538461538,7800,264,1,1.0,0.0338461538461538,0,0,0,0.0,0.0,0,0,0,0.0,0.0,0,0,0,0.0,0.0,1,1,0,positive_mid,size_q1,Other
862,8,8351,192,0.0229912585319123,8351,192,1,1.0,0.0229912585319123,0,0,0,0.0,0.0,0,0,0,0.0,0.0,0,0,0,0.0,0.0,1,1,0,positive_mid,size_q1,Other
864,8,8447,576,0.0681898899017402,8447,576,1,1.0,0.0681898899017402,0,0,0,0.0,0.0,0,0,0,0.0,0.0,0,0,0,0.0,0.0,1,1,0,positive_high,size_q1,Public services
866,8,8423,264,0.0313427519886026,8423,264,1,1.0,0.0313427519886026,0,0,0,0.0,0.0,0,0,0,0.0,0.0,0,0,0,0.0,0.0,1,1,0,positive_mid,size_q1,Public services
868,8,7943,360,0.0453229258466574,7943,360,1,1.0,0.0453229258466574,0,0,0,0.0,0.0,0,0,0,0.0,0.0,0,0,0,0.0,0.0,1,1,0,positive_high,size_q1,Public services
870,8,7895,96,0.0121595946801773,7895,96,1,1.0,0.0121595946801773,0,0,0,0.0,0.0,0,0,0,0.0,0.0,0,0,0,0.0,0.0,1,1,0,positive_mid,size_q1,Entertainment/public assembly
872,8,7823,288,0.0368145212833951,7823,288,1,1.0,0.0368145212833951,0,0,0,0.0,0.0,0,0,0,0.0,0.0,0,0,0,0.0,0.0,1,1,0,positive_mid,size_q1,Public services
874,9,17535,416,0.0237239806102081,8768,214,1,0.5000285143997719,0.0244069343065693,8767,202,1,0.4999714856002281,0.0230409490133455,0,0,0,0.0,0.0,0,0,0,0.0,0.0,2,2,0,positive_mid,size_q3,Office
876,9,17546,1411,0.0804171891029294,8766,212,1,0.499601048672062,0.0241843486196668,0,0,0,0.0,0.0,8780,1199,1,0.500398951327938,0.1365603644646925,0,0,0,0.0,0.0,2,2,0,positive_high,size_q3,Education
878,9,22764,620,0.0272359866455807,8763,236,1,0.3849499209277807,0.0269314161816729,8768,214,1,0.3851695659813741,0.0244069343065693,5233,170,1,0.2298805130908452,0.0324861456143703,0,0,0,0.0,0.0,3,3,0,positive_mid,size_q4,Lodging/residential
880,9,26322,2017,0.0766279158118684,8765,214,1,0.3329914140262898,0.0244152880775812,8779,1621,1,0.333523288503913,0.1846451759881535,8778,182,1,0.3334852974697971,0.0207336523125996,0,0,0,0.0,0.0,3,3,0,positive_high,size_q4,Education
882,9,8766,206,0.0234998859228838,8766,206,1,1.0,0.0234998859228838,0,0,0,0.0,0.0,0,0,0,0.0,0.0,0,0,0,0.0,0.0,1,1,0,positive_mid,size_q1,Education
884,9,8767,205,0.0233831413254248,8767,205,1,1.0,0.0233831413254248,0,0,0,0.0,0.0,0,0,0,0.0,0.0,0,0,0,0.0,0.0,1,1,0,positive_mid,size_q1,Education
886,9,26329,4809,0.1826503095446086,8780,3613,1,0.3334725967564282,0.411503416856492,8769,356,1,0.3330548064871435,0.0405975595849013,8780,840,1,0.3334725967564282,0.0956719817767653,0,0,0,0.0,0.0,3,3,0,positive_high,size_q4,Education
888,9,26315,782,0.0297168915067452,8766,254,1,0.3331179935398062,0.028975587497148,8768,268,1,0.3331939958198746,0.0305656934306569,8781,260,1,0.3336880106403192,0.0296093838970504,0,0,0,0.0,0.0,3,3,0,positive_mid,size_q4,Entertainment/public assembly
890,9,26306,684,0.0260016726222154,8764,238,1,0.3331559340074507,0.0271565495207667,8769,206,1,0.3333460047137535,0.0234918462766564,8773,240,1,0.3334980612787957,0.0273566624871765,0,0,0,0.0,0.0,3,3,0,positive_mid,size_q4,Education
892,9,8764,367,0.0418758557736193,8764,367,1,1.0,0.0418758557736193,0,0,0,0.0,0.0,0,0,0,0.0,0.0,0,0,0,0.0,0.0,1,1,0,positive_high,size_q1,Services
894,9,26300,684,0.0260076045627376,8764,237,1,0.3332319391634981,0.0270424463715198,8766,222,1,0.3333079847908745,0.0253251197809719,8770,225,1,0.3334600760456274,0.0256556442417331,0,0,0,0.0,0.0,3,3,0,positive_mid,size_q4,Education
896,9,26316,658,0.0250037999696002,8766,234,1,0.3331053351573187,0.0266940451745379,8771,216,1,0.3332953336373309,0.0246266104207045,8779,208,1,0.3335993312053503,0.023692903519763,0,0,0,0.0,0.0,3,3,0,positive_mid,size_q4,Education
898,9,26313,615,0.0233724774826131,8765,211,1,0.3331053091627712,0.0240730176839703,8767,207,1,0.3331813172196253,0.0236112695334778,8781,197,1,0.3337133736176034,0.0224348024143036,0,0,0,0.0,0.0,3,3,0,positive_mid,size_q4,Public services
900,9,26325,781,0.029667616334283,8766,236,1,0.332991452991453,0.0269221994067989,8779,330,1,0.3334852801519468,0.0375897026996241,8780,215,1,0.3335232668566001,0.0244874715261959,0,0,0,0.0,0.0,3,3,0,positive_mid,size_q4,Education
902,9,8764,314,0.0358283888635326,8764,314,1,1.0,0.0358283888635326,0,0,0,0.0,0.0,0,0,0,0.0,0.0,0,0,0,0.0,0.0,1,1,0,positive_mid,size_q1,Education
904,9,8776,1348,0.1536007292616226,8776,1348,1,1.0,0.1536007292616226,0,0,0,0.0,0.0,0,0,0,0.0,0.0,0,0,0,0.0,0.0,1,1,0,positive_high,size_q1,Education
906,9,26321,858,0.0325975456859541,8764,276,1,0.3329660727176019,0.0314924691921497,8778,334,1,0.3334979674024543,0.038049669628617,8779,248,1,0.3335359598799438,0.0282492311197175,0,0,0,0.0,0.0,3,3,0,positive_mid,size_q4,Lodging/residential
908,9,26326,672,0.0255260958748005,8766,211,1,0.3329788042239611,0.0240702715035363,8779,242,1,0.333472612626301,0.0275657819797243,8781,219,1,0.3335485831497379,0.0249402118209771,0,0,0,0.0,0.0,3,3,0,positive_mid,size_q4,Education
910,9,26320,865,0.0328647416413373,8764,233,1,0.3329787234042553,0.0265860337745321,8778,236,1,0.3335106382978723,0.0268853953064479,8778,396,1,0.3335106382978723,0.0451127819548872,0,0,0,0.0,0.0,3,3,0,positive_mid,size_q4,Office
912,9,26317,881,0.0334764600828361,8765,237,1,0.3330546794847437,0.0270393610952652,8771,236,1,0.3332826689972261,0.0269068521263253,8781,408,1,0.3336626515180301,0.0464639562692176,0,0,0,0.0,0.0,3,3,0,positive_mid,size_q4,Education
914,9,26312,665,0.0252736394040741,8766,228,1,0.3331559744603223,0.0260095824777549,8770,222,1,0.3333079963514746,0.0253135689851767,8776,215,1,0.3335360291882031,0.0244986326344576,0,0,0,0.0,0.0,3,3,0,positive_mid,size_q4,Education
916,9,26312,764,0.0290361812100942,8763,236,1,0.333041958041958,0.0269314161816729,8769,231,1,0.3332699908786865,0.0263427984946972,8780,297,1,0.3336880510793554,0.0338268792710706,0,0,0,0.0,0.0,3,3,0,positive_mid,size_q4,Education
918,9,26316,672,0.0255357957136342,8767,216,1,0.3331433348533211,0.0246378464697159,8768,232,1,0.3331813345493236,0.0264598540145985,8781,224,1,0.3336753305973552,0.0255096230497665,0,0,0,0.0,0.0,3,3,0,positive_mid,size_q4,Education
920,9,26325,703,0.02670465337132,8765,240,1,0.3329534662867996,0.0273816314888762,8779,244,1,0.3334852801519468,0.027793598359722,8781,219,1,0.3335612535612535,0.0249402118209771,0,0,0,0.0,0.0,3,3,0,positive_mid,size_q4,Education
922,9,26316,715,0.0271697826417388,8765,237,1,0.3330673354613163,0.0270393610952652,8771,234,1,0.3332953336373309,0.0266788279557633,8780,244,1,0.3336373309013528,0.0277904328018223,0,0,0,0.0,0.0,3,3,0,positive_mid,size_q4,Education
924,9,26304,741,0.0281706204379562,8762,255,1,0.3331052311435523,0.0291029445332115,8767,231,1,0.3332953163017031,0.0263488080301129,8775,255,1,0.3335994525547445,0.029059829059829,0,0,0,0.0,0.0,3,3,0,positive_mid,size_q4,Entertainment/public assembly
926,9,26323,725,0.0275424533677772,8764,238,1,0.3329407742278615,0.0271565495207667,8779,242,1,0.3335106180906431,0.0275657819797243,8780,245,1,0.3335486076814952,0.0279043280182232,0,0,0,0.0,0.0,3,3,0,positive_mid,size_q4,Education
928,9,26169,1213,0.0463525545492758,8766,255,1,0.3349764989109251,0.0290896646132785,8625,287,1,0.3295884443425427,0.0332753623188405,8778,671,1,0.3354350567465322,0.0764411027568922,0,0,0,0.0,0.0,3,3,0,positive_high,size_q4,Education
930,9,8764,239,0.0272706526700136,8764,239,1,1.0,0.0272706526700136,0,0,0,0.0,0.0,0,0,0,0.0,0.0,0,0,0,0.0,0.0,1,1,0,positive_mid,size_q1,Office
932,9,26316,2722,0.1034351725186198,8766,241,1,0.3331053351573187,0.0274925849874515,8769,237,1,0.333219334245326,0.027027027027027,8781,2244,1,0.3336753305973552,0.2555517594806969,0,0,0,0.0,0.0,3,3,0,positive_high,size_q4,Lodging/residential
934,9,17515,496,0.0283185840707964,0,0,0,0.0,0.0,8734,250,1,0.498658292891807,0.0286237691779253,8781,246,1,0.5013417071081929,0.02801503245644,0,0,0,0.0,0.0,2,2,0,positive_mid,size_q3,Entertainment/public assembly
936,9,8762,235,0.0268203606482538,8762,235,1,1.0,0.0268203606482538,0,0,0,0.0,0.0,0,0,0,0.0,0.0,0,0,0,0.0,0.0,1,1,0,positive_mid,size_q1,Lodging/residential
938,9,8763,236,0.0269314161816729,8763,236,1,1.0,0.0269314161816729,0,0,0,0.0,0.0,0,0,0,0.0,0.0,0,0,0,0.0,0.0,1,1,0,positive_mid,size_q1,Lodging/residential
940,9,8766,239,0.0272644307551905,8766,239,1,1.0,0.0272644307551905,0,0,0,0.0,0.0,0,0,0,0.0,0.0,0,0,0,0.0,0.0,1,1,0,positive_mid,size_q1,Lodging/residential
942,9,26297,695,0.0264288702133323,8764,238,1,0.3332699547476898,0.0271565495207667,8765,227,1,0.3333079818990759,0.0258984597832287,8768,230,1,0.3334220633532342,0.0262317518248175,0,0,0,0.0,0.0,3,3,0,positive_mid,size_q4,Lodging/residential
944,9,8766,255,0.0290896646132785,8766,255,1,1.0,0.0290896646132785,0,0,0,0.0,0.0,0,0,0,0.0,0.0,0,0,0,0.0,0.0,1,1,0,positive_mid,size_q1,Services
946,9,26321,736,0.0279624634322404,8764,239,1,0.3329660727176019,0.0272706526700136,8777,240,1,0.3334599749249649,0.027344195055258,8780,257,1,0.3335739523574332,0.0292710706150341,0,0,0,0.0,0.0,3,3,0,positive_mid,size_q4,Education
948,9,26323,735,0.0279223492762982,8763,246,1,0.3329027846370094,0.0280725778842862,8779,244,1,0.3335106180906431,0.027793598359722,8781,245,1,0.3335865972723473,0.0279011502106821,0,0,0,0.0,0.0,3,3,0,positive_mid,size_q4,Entertainment/public assembly
950,9,8575,250,0.0291545189504373,8575,250,1,1.0,0.0291545189504373,0,0,0,0.0,0.0,0,0,0,0.0,0.0,0,0,0,0.0,0.0,1,1,0,positive_mid,size_q1,Entertainment/public assembly
952,9,26307,761,0.0289276618390542,8764,245,1,0.3331432698521306,0.0279552715654952,8768,279,1,0.3332953206370928,0.0318202554744525,8775,237,1,0.3335614095107766,0.027008547008547,0,0,0,0.0,0.0,3,3,0,positive_mid,size_q4,Education
954,9,26349,16050,0.6091312763292724,8783,5349,1,0.3333333333333333,0.6090174200159398,8783,5349,1,0.3333333333333333,0.6090174200159398,8783,5352,1,0.3333333333333333,0.6093589889559377,0,0,0,0.0,0.0,3,3,0,positive_high,size_q4,Education
956,9,26339,803,0.0304871103686548,8781,255,1,0.3333839553513801,0.029039972668261,8777,303,1,0.3332320892972398,0.0345220462572633,8781,245,1,0.3333839553513801,0.0279011502106821,0,0,0,0.0,0.0,3,3,0,positive_mid,size_q4,Office
958,9,26315,716,0.0272088162644879,8764,238,1,0.3330419912597377,0.0271565495207667,8771,234,1,0.3333079992399772,0.0266788279557633,8780,244,1,0.333650009500285,0.0277904328018223,0,0,0,0.0,0.0,3,3,0,positive_mid,size_q4,Entertainment/public assembly
960,9,26316,689,0.0261817905456756,8765,237,1,0.3330673354613163,0.0270393610952652,8770,206,1,0.3332573339413284,0.0234891676168757,8781,246,1,0.3336753305973552,0.02801503245644,0,0,0,0.0,0.0,3,3,0,positive_mid,size_q4,Education
962,9,26302,775,0.0294654398905026,8766,243,1,0.3332826401034142,0.0277207392197125,8768,234,1,0.3333586799482929,0.0266879562043795,8768,298,1,0.3333586799482929,0.0339872262773722,0,0,0,0.0,0.0,3,3,0,positive_mid,size_q4,Public services
964,9,26308,714,0.0271400334499011,8765,239,1,0.3331686179109016,0.0272675413576725,8771,241,1,0.333396685418884,0.0274769125527305,8772,234,1,0.3334346966702143,0.0266757865937072,0,0,0,0.0,0.0,3,3,0,positive_mid,size_q4,Education
966,9,26313,722,0.0274389085243035,8766,241,1,0.3331433131911983,0.0274925849874515,8768,238,1,0.3332193212480523,0.0271441605839416,8779,243,1,0.3336373655607494,0.0276796901697232,0,0,0,0.0,0.0,3,3,0,positive_mid,size_q4,Education
968,9,26309,708,0.0269109430233,8765,239,1,0.3331559542361929,0.0272675413576725,8771,234,1,0.3333840130753734,0.0266788279557633,8773,235,1,0.3334600326884336,0.0267867320186937,0,0,0,0.0,0.0,3,3,0,positive_mid,size_q4,Education
970,9,8762,367,0.0418854142889751,8762,367,1,1.0,0.0418854142889751,0,0,0,0.0,0.0,0,0,0,0.0,0.0,0,0,0,0.0,0.0,1,1,0,positive_high,size_q1,Services
972,9,26316,3509,0.1333409332725338,8765,245,1,0.3330673354613163,0.0279520821448944,8770,243,1,0.3332573339413284,0.0277080957810718,8781,3021,1,0.3336753305973552,0.3440382644345746,0,0,0,0.0,0.0,3,3,0,positive_high,size_q4,Education
974,9,26314,726,0.0275898761115755,8764,237,1,0.3330546477160447,0.0270424463715198,8770,234,1,0.333282663221099,0.0266818700114025,8780,255,1,0.3336626890628563,0.0290432801822323,0,0,0,0.0,0.0,3,3,0,positive_mid,size_q4,Education
976,9,26326,713,0.0270834916052571,8769,248,1,0.3330927600091165,0.0282814460029649,8778,216,1,0.3334346273645825,0.024606971975393,8779,249,1,0.333472612626301,0.0283631393097163,0,0,0,0.0,0.0,3,3,0,positive_mid,size_q4,Education
978,9,26325,3012,0.1144159544159544,8767,219,1,0.3330294396961064,0.0249800387817953,8779,2527,1,0.3334852801519468,0.2878459961271215,8779,266,1,0.3334852801519468,0.030299578539697,0,0,0,0.0,0.0,3,3,0,positive_high,size_q4,Education
980,9,26312,919,0.0349270294922468,8761,237,1,0.3329659470963819,0.027051706426207,8771,438,1,0.3333460018242627,0.0499372933530954,8780,244,1,0.3336880510793554,0.0277904328018223,0,0,0,0.0,0.0,3,3,0,positive_mid,size_q4,Entertainment/public assembly
982,9,8765,238,0.0271534512264689,8765,238,1,1.0,0.0271534512264689,0,0,0,0.0,0.0,0,0,0,0.0,0.0,0,0,0,0.0,0.0,1,1,0,positive_mid,size_q1,Services
984,9,8766,239,0.0272644307551905,8766,239,1,1.0,0.0272644307551905,0,0,0,0.0,0.0,0,0,0,0.0,0.0,0,0,0,0.0,0.0,1,1,0,positive_mid,size_q1,Services
986,9,8769,1339,0.1526970007982666,8769,1339,1,1.0,0.1526970007982666,0,0,0,0.0,0.0,0,0,0,0.0,0.0,0,0,0,0.0,0.0,1,1,0,positive_high,size_q1,Office
988,9,8767,214,0.024409718261663,8767,214,1,1.0,0.024409718261663,0,0,0,0.0,0.0,0,0,0,0.0,0.0,0,0,0,0.0,0.0,1,1,0,positive_mid,size_q1,Office
990,9,17557,497,0.0283077974597026,8778,253,1,0.4999715213305234,0.0288220551378446,8779,244,1,0.5000284786694765,0.027793598359722,0,0,0,0.0,0.0,0,0,0,0.0,0.0,2,2,0,positive_mid,size_q3,Office
992,9,26310,716,0.0272139870771569,8762,263,1,0.3330292664386165,0.0300159780871947,8770,238,1,0.3333333333333333,0.0271379703534777,8778,215,1,0.3336374002280501,0.0244930508088402,0,0,0,0.0,0.0,3,3,0,positive_mid,size_q4,Office
994,9,26328,2874,0.1091613491340018,8777,1487,1,0.3333713157095108,0.1694200751965364,8771,370,1,0.3331434214524461,0.0421844715539847,8780,1017,1,0.3334852628380431,0.1158314350797266,0,0,0,0.0,0.0,3,3,0,positive_high,size_q4,Education
996,9,26329,1050,0.0398799802499145,8768,215,1,0.3330168255535721,0.0245209854014598,8779,217,1,0.3334346158228569,0.0247180772297528,8782,618,1,0.3335485586235709,0.0703712138465042,0,0,0,0.0,0.0,3,3,0,positive_mid,size_q4,Education
998,10,26172,272,0.0103927861837077,8625,35,1,0.3295506648326455,0.0040579710144927,8773,196,1,0.3352055631973101,0.0223412743645275,0,0,0,0.0,0.0,8774,41,1,0.3352437719700443,0.0046728971962616,3,3,0,positive_mid,size_q4,Education
1000,10,26302,4549,0.1729526271766405,8767,29,1,0.3333206600258535,0.0033078590167674,8766,4519,1,0.3332826401034142,0.5155144877937485,0,0,0,0.0,0.0,8769,1,1,0.3333966998707323,0.0001140380887216,3,3,0,positive_high,size_q4,Education
1002,10,8518,42,0.0049307349142991,8518,42,1,1.0,0.0049307349142991,0,0,0,0.0,0.0,0,0,0,0.0,0.0,0,0,0,0.0,0.0,1,1,0,positive_mid,size_q1,Entertainment/public assembly
1004,10,8573,36,0.0041992301411407,8573,36,1,1.0,0.0041992301411407,0,0,0,0.0,0.0,0,0,0,0.0,0.0,0,0,0,0.0,0.0,1,1,0,positive_mid,size_q1,Education
1006,10,6206,9,0.0014502094747019,6206,9,1,1.0,0.0014502094747019,0,0,0,0.0,0.0,0,0,0,0.0,0.0,0,0,0,0.0,0.0,1,1,0,positive_low,size_q1,Office
1008,10,17518,577,0.0329375499486242,8745,577,1,0.4992008220116452,0.0659805603201829,0,0,0,0.0,0.0,0,0,0,0.0,0.0,8773,0,1,0.5007991779883548,0.0,2,1,0,positive_mid,size_q3,Education
1010,10,8766,154,0.0175678758840976,8766,154,1,1.0,0.0175678758840976,0,0,0,0.0,0.0,0,0,0,0.0,0.0,0,0,0,0.0,0.0,1,1,0,positive_mid,size_q1,Office
1012,10,15426,3336,0.2162582652664333,6653,89,1,0.431284843770258,0.0133774237186231,0,0,0,0.0,0.0,0,0,0,0.0,0.0,8773,3247,1,0.568715156229742,0.3701128462327596,2,2,0,positive_high,size_q3,Education
1014,10,7592,22,0.0028977871443624,7592,22,1,1.0,0.0028977871443624,0,0,0,0.0,0.0,0,0,0,0.0,0.0,0,0,0,0.0,0.0,1,1,0,positive_low,size_q1,Office
1016,10,8773,39,0.0044454576541661,8773,39,1,1.0,0.0044454576541661,0,0,0,0.0,0.0,0,0,0,0.0,0.0,0,0,0,0.0,0.0,1,1,0,positive_mid,size_q1,Other
1018,10,25347,8785,0.3465893399613367,7801,9,1,0.3077681776936126,0.0011536982438148,8773,8773,1,0.3461159111531937,1.0,0,0,0,0.0,0.0,8773,3,1,0.3461159111531937,0.0003419582810897,3,3,0,positive_high,size_q4,Education
1020,10,8760,28,0.0031963470319634,8760,28,1,1.0,0.0031963470319634,0,0,0,0.0,0.0,0,0,0,0.0,0.0,0,0,0,0.0,0.0,1,1,0,positive_low,size_q1,Entertainment/public assembly
1022,10,25280,8797,0.3479825949367088,7732,22,1,0.3058544303797468,0.0028453181583031,8774,8774,1,0.3470727848101266,1.0,0,0,0,0.0,0.0,8774,1,1,0.3470727848101266,0.0001139731023478,3,3,0,positive_high,size_q4,Education
1024,10,2981,20,0.0067091580006709,2981,20,1,1.0,0.0067091580006709,0,0,0,0.0,0.0,0,0,0,0.0,0.0,0,0,0,0.0,0.0,1,1,0,positive_mid,size_q1,Education
1026,10,8763,19,0.0021682072349651,8763,19,1,1.0,0.0021682072349651,0,0,0,0.0,0.0,0,0,0,0.0,0.0,0,0,0,0.0,0.0,1,1,0,positive_low,size_q1,Lodging/residential
1028,11,23414,4589,0.195993849833433,8461,0,1,0.3613649953019561,0.0,6491,4589,1,0.2772272999060391,0.7069788938530273,0,0,0,0.0,0.0,8462,0,1,0.3614077047920048,0.0,3,1,0,positive_high,size_q4,Education
1030,11,26073,190,0.0072872320024546,8691,0,1,0.3333333333333333,0.0,8691,190,1,0.3333333333333333,0.0218616960073639,0,0,0,0.0,0.0,8691,0,1,0.3333333333333333,0.0,3,1,0,positive_mid,size_q4,Education
1032,11,26346,2,7.591285204585137e-05,8782,1,1,0.3333333333333333,0.0001138692780687,8782,0,1,0.3333333333333333,0.0,0,0,0,0.0,0.0,8782,1,1,0.3333333333333333,0.0001138692780687,3,2,0,positive_low,size_q4,Education
1034,12,8784,0,0.0,8784,0,1,1.0,0.0,0,0,0,0.0,0.0,0,0,0,0.0,0.0,0,0,0,0.0,0.0,1,0,1,zero,size_q3,Retail
1036,12,8784,2,0.0002276867030965,8784,2,1,1.0,0.0002276867030965,0,0,0,0.0,0.0,0,0,0,0.0,0.0,0,0,0,0.0,0.0,1,1,0,positive_low,size_q3,Office
1038,12,8779,4,0.0004556327599954,8779,4,1,1.0,0.0004556327599954,0,0,0,0.0,0.0,0,0,0,0.0,0.0,0,0,0,0.0,0.0,1,1,0,positive_low,size_q1,Technology/science
1040,12,8774,3,0.0003419193070435,8774,3,1,1.0,0.0003419193070435,0,0,0,0.0,0.0,0,0,0,0.0,0.0,0,0,0,0.0,0.0,1,1,0,positive_low,size_q1,Office
1042,12,8782,3,0.0003416078342063,8782,3,1,1.0,0.0003416078342063,0,0,0,0.0,0.0,0,0,0,0.0,0.0,0,0,0,0.0,0.0,1,1,0,positive_low,size_q2,Office
1044,12,8783,3,0.0003415689399977,8783,3,1,1.0,0.0003415689399977,0,0,0,0.0,0.0,0,0,0,0.0,0.0,0,0,0,0.0,0.0,1,1,0,positive_low,size_q2,Education
1046,12,8784,6,0.0006830601092896,8784,6,1,1.0,0.0006830601092896,0,0,0,0.0,0.0,0,0,0,0.0,0.0,0,0,0,0.0,0.0,1,1,0,positive_low,size_q3,Education
1048,12,8784,3,0.0003415300546448,8784,3,1,1.0,0.0003415300546448,0,0,0,0.0,0.0,0,0,0,0.0,0.0,0,0,0,0.0,0.0,1,1,0,positive_low,size_q3,Education
1050,12,8784,6,0.0006830601092896,8784,6,1,1.0,0.0006830601092896,0,0,0,0.0,0.0,0,0,0,0.0,0.0,0,0,0,0.0,0.0,1,1,0,positive_low,size_q3,Office
1052,12,8784,1,0.0001138433515482,8784,1,1,1.0,0.0001138433515482,0,0,0,0.0,0.0,0,0,0,0.0,0.0,0,0,0,0.0,0.0,1,1,0,positive_low,size_q3,Retail
1054,12,8783,0,0.0,8783,0,1,1.0,0.0,0,0,0,0.0,0.0,0,0,0,0.0,0.0,0,0,0,0.0,0.0,1,0,1,zero,size_q2,Education
1056,12,8783,3,0.0003415689399977,8783,3,1,1.0,0.0003415689399977,0,0,0,0.0,0.0,0,0,0,0.0,0.0,0,0,0,0.0,0.0,1,1,0,positive_low,size_q2,Education
1058,12,8783,3,0.0003415689399977,8783,3,1,1.0,0.0003415689399977,0,0,0,0.0,0.0,0,0,0,0.0,0.0,0,0,0,0.0,0.0,1,1,0,positive_low,size_q2,Education
1060,12,8592,1,0.0001163873370577,8592,1,1,1.0,0.0001163873370577,0,0,0,0.0,0.0,0,0,0,0.0,0.0,0,0,0,0.0,0.0,1,1,0,positive_low,size_q1,Entertainment/public assembly
1062,12,8784,2,0.0002276867030965,8784,2,1,1.0,0.0002276867030965,0,0,0,0.0,0.0,0,0,0,0.0,0.0,0,0,0,0.0,0.0,1,1,0,positive_low,size_q3,Education
1064,12,8783,4,0.0004554252533302,8783,4,1,1.0,0.0004554252533302,0,0,0,0.0,0.0,0,0,0,0.0,0.0,0,0,0,0.0,0.0,1,1,0,positive_low,size_q2,Education
1066,12,8784,378,0.0430327868852459,8784,378,1,1.0,0.0430327868852459,0,0,0,0.0,0.0,0,0,0,0.0,0.0,0,0,0,0.0,0.0,1,1,0,positive_high,size_q3,Education
1068,12,8784,302,0.0343806921675774,8784,302,1,1.0,0.0343806921675774,0,0,0,0.0,0.0,0,0,0,0.0,0.0,0,0,0,0.0,0.0,1,1,0,positive_mid,size_q3,Education
1070,13,17568,9,0.0005122950819672,8784,5,1,0.5,0.0005692167577413,8784,4,1,0.5,0.000455373406193,0,0,0,0.0,0.0,0,0,0,0.0,0.0,2,2,0,positive_low,size_q3,Lodging/residential
1072,13,17568,7148,0.4068761384335155,0,0,0,0.0,0.0,8784,2177,1,0.5,0.2478369763205828,8784,4971,1,0.5,0.5659153005464481,0,0,0,0.0,0.0,2,2,0,positive_high,size_q3,Healthcare
1074,13,17568,6,0.0003415300546448,8784,3,1,0.5,0.0003415300546448,8784,3,1,0.5,0.0003415300546448,0,0,0,0.0,0.0,0,0,0,0.0,0.0,2,2,0,positive_low,size_q3,Office
1076,13,17567,49,0.0027893208857516,8783,2,1,0.4999715375419821,0.0002277126266651,0,0,0,0.0,0.0,8784,47,1,0.5000284624580179,0.0053506375227686,0,0,0,0.0,0.0,2,2,0,positive_low,size_q3,Lodging/residential
1078,13,17568,1927,0.1096880692167577,0,0,0,0.0,0.0,8784,1758,1,0.5,0.2001366120218579,8784,169,1,0.5,0.0192395264116575,0,0,0,0.0,0.0,2,2,0,positive_high,size_q3,Entertainment/public assembly
1080,13,26306,200,0.0076028282521097,8738,8,1,0.3321675663346765,0.0009155413138017,8784,189,1,0.3339162168326617,0.0215163934426229,8784,3,1,0.3339162168326617,0.0003415300546448,0,0,0,0.0,0.0,3,3,0,positive_mid,size_q4,Education
1082,13,8781,129,0.0146908097027673,8781,129,1,1.0,0.0146908097027673,0,0,0,0.0,0.0,0,0,0,0.0,0.0,0,0,0,0.0,0.0,1,1,0,positive_mid,size_q2,Office
1084,13,17567,1096,0.0623897079751807,8783,2,1,0.4999715375419821,0.0002277126266651,8784,1094,1,0.5000284624580179,0.1245446265938069,0,0,0,0.0,0.0,0,0,0,0.0,0.0,2,2,0,positive_high,size_q3,Office
1086,13,17568,6,0.0003415300546448,8784,3,1,0.5,0.0003415300546448,0,0,0,0.0,0.0,8784,3,1,0.5,0.0003415300546448,0,0,0,0.0,0.0,2,2,0,positive_low,size_q3,Office
1088,13,26336,349,0.013251822600243,8769,4,1,0.3329662818955042,0.0004561523548865,8783,342,1,0.3334978736330498,0.0389388591597404,8784,3,1,0.3335358444714459,0.0003415300546448,0,0,0,0.0,0.0,3,3,0,positive_mid,size_q4,Education
1090,13,26352,9,0.0003415300546448,8784,3,1,0.3333333333333333,0.0003415300546448,8784,3,1,0.3333333333333333,0.0003415300546448,8784,3,1,0.3333333333333333,0.0003415300546448,0,0,0,0.0,0.0,3,3,0,positive_low,size_q4,Office
1092,13,26294,9,0.000342283410664,8783,2,1,0.3340305773180193,0.0002277126266651,8769,3,1,0.3334981364569864,0.0003421142661648,8742,4,1,0.3324712862249943,0.0004575611988103,0,0,0,0.0,0.0,3,3,0,positive_low,size_q4,Office
1094,13,26352,341,0.0129401942926533,8784,5,1,0.3333333333333333,0.0005692167577413,8784,333,1,0.3333333333333333,0.0379098360655737,8784,3,1,0.3333333333333333,0.0003415300546448,0,0,0,0.0,0.0,3,3,0,positive_mid,size_q4,Office
1096,13,8783,139,0.0158260275532278,8783,139,1,1.0,0.0158260275532278,0,0,0,0.0,0.0,0,0,0,0.0,0.0,0,0,0,0.0,0.0,1,1,0,positive_mid,size_q2,Parking
1098,13,26352,2183,0.0828400121432908,8784,135,1,0.3333333333333333,0.0153688524590163,8784,1784,1,0.3333333333333333,0.2030965391621129,8784,264,1,0.3333333333333333,0.0300546448087431,0,0,0,0.0,0.0,3,3,0,positive_high,size_q4,Office
1100,13,17567,9,0.0005123242443217,8783,6,1,0.4999715375419821,0.0006831378799954,0,0,0,0.0,0.0,8784,3,1,0.5000284624580179,0.0003415300546448,0,0,0,0.0,0.0,2,2,0,positive_low,size_q3,Lodging/residential
1102,13,17567,5,0.0002846245801787,8783,2,1,0.4999715375419821,0.0002277126266651,0,0,0,0.0,0.0,8784,3,1,0.5000284624580179,0.0003415300546448,0,0,0,0.0,0.0,2,2,0,positive_low,size_q3,Office
1104,13,26352,2399,0.0910367334547662,8784,3,1,0.3333333333333333,0.0003415300546448,8784,2393,1,0.3333333333333333,0.2724271402550091,8784,3,1,0.3333333333333333,0.0003415300546448,0,0,0,0.0,0.0,3,3,0,positive_high,size_q4,Public services
1106,13,17565,9,0.0005123825789923,8781,6,1,0.4999146029035012,0.0006832934745473,0,0,0,0.0,0.0,8784,3,1,0.5000853970964987,0.0003415300546448,0,0,0,0.0,0.0,2,2,0,positive_low,size_q3,Office
1108,13,17568,43,0.0024476320582877,8784,3,1,0.5,0.0003415300546448,0,0,0,0.0,0.0,8784,40,1,0.5,0.0045537340619307,0,0,0,0.0,0.0,2,2,0,positive_low,size_q3,Parking
1110,13,8784,29,0.0033014571948998,8784,29,1,1.0,0.0033014571948998,0,0,0,0.0,0.0,0,0,0,0.0,0.0,0,0,0,0.0,0.0,1,1,0,positive_low,size_q3,Office
1112,13,8784,3,0.0003415300546448,0,0,0,0.0,0.0,0,0,0,0.0,0.0,8784,3,1,1.0,0.0003415300546448,0,0,0,0.0,0.0,1,1,0,positive_low,size_q3,Office
1114,13,8784,19,0.0021630236794171,8784,19,1,1.0,0.0021630236794171,0,0,0,0.0,0.0,0,0,0,0.0,0.0,0,0,0,0.0,0.0,1,1,0,positive_low,size_q3,Other
1116,13,8784,3,0.0003415300546448,0,0,0,0.0,0.0,0,0,0,0.0,0.0,8784,3,1,1.0,0.0003415300546448,0,0,0,0.0,0.0,1,1,0,positive_low,size_q3,Services
1118,13,8784,3,0.0003415300546448,8784,3,1,1.0,0.0003415300546448,0,0,0,0.0,0.0,0,0,0,0.0,0.0,0,0,0,0.0,0.0,1,1,0,positive_low,size_q3,Services
1120,13,8780,16,0.0018223234624145,8780,16,1,1.0,0.0018223234624145,0,0,0,0.0,0.0,0,0,0,0.0,0.0,0,0,0,0.0,0.0,1,1,0,positive_low,size_q1,Services
1122,13,17568,1132,0.0644353369763205,8784,3,1,0.5,0.0003415300546448,8784,1129,1,0.5,0.1285291438979963,0,0,0,0.0,0.0,0,0,0,0.0,0.0,2,2,0,positive_high,size_q3,Office
1124,13,17568,6,0.0003415300546448,8784,3,1,0.5,0.0003415300546448,0,0,0,0.0,0.0,8784,3,1,0.5,0.0003415300546448,0,0,0,0.0,0.0,2,2,0,positive_low,size_q3,Lodging/residential
1126,13,17553,6,0.0003418219107844,8769,3,1,0.4995727226115194,0.0003421142661648,0,0,0,0.0,0.0,8784,3,1,0.5004272773884806,0.0003415300546448,0,0,0,0.0,0.0,2,2,0,positive_low,size_q3,Education
1128,13,8778,269,0.0306447938026885,8778,269,1,1.0,0.0306447938026885,0,0,0,0.0,0.0,0,0,0,0.0,0.0,0,0,0,0.0,0.0,1,1,0,positive_mid,size_q1,Office
1130,13,17568,6592,0.3752276867030965,8784,3,1,0.5,0.0003415300546448,8784,6589,1,0.5,0.7501138433515483,0,0,0,0.0,0.0,0,0,0,0.0,0.0,2,2,0,positive_high,size_q4,Education
1132,13,8784,178,0.0202641165755919,0,0,0,0.0,0.0,8784,178,1,1.0,0.0202641165755919,0,0,0,0.0,0.0,0,0,0,0.0,0.0,1,1,0,positive_mid,size_q3,Office
1134,13,8784,17,0.0019353369763205,8784,17,1,1.0,0.0019353369763205,0,0,0,0.0,0.0,0,0,0,0.0,0.0,0,0,0,0.0,0.0,1,1,0,positive_low,size_q3,Office
1136,13,17568,6,0.0003415300546448,8784,3,1,0.5,0.0003415300546448,8784,3,1,0.5,0.0003415300546448,0,0,0,0.0,0.0,0,0,0,0.0,0.0,2,2,0,positive_low,size_q4,Office
1138,13,8784,3,0.0003415300546448,8784,3,1,1.0,0.0003415300546448,0,0,0,0.0,0.0,0,0,0,0.0,0.0,0,0,0,0.0,0.0,1,1,0,positive_low,size_q3,Education
1140,13,26326,37,0.0014054546835827,8758,31,1,0.3326749221302135,0.0035396209180178,8784,3,1,0.3336625389348933,0.0003415300546448,8784,3,1,0.3336625389348933,0.0003415300546448,0,0,0,0.0,0.0,3,3,0,positive_low,size_q4,Education
1142,13,17567,2906,0.1654238059998861,8783,5,1,0.4999715375419821,0.0005692815666628,8784,2901,1,0.5000284624580179,0.3302595628415301,0,0,0,0.0,0.0,0,0,0,0.0,0.0,2,2,0,positive_high,size_q3,Office
1144,13,17566,3101,0.1765342138221564,8782,32,1,0.4999430718433337,0.0036438168982008,8784,3069,1,0.5000569281566662,0.3493852459016393,0,0,0,0.0,0.0,0,0,0,0.0,0.0,2,2,0,positive_high,size_q3,Office
1146,13,17568,6,0.0003415300546448,8784,3,1,0.5,0.0003415300546448,8784,3,1,0.5,0.0003415300546448,0,0,0,0.0,0.0,0,0,0,0.0,0.0,2,2,0,positive_low,size_q4,Public services
1148,13,26231,17,0.000648088139987,8663,5,1,0.3302580915710419,0.0005771672630728,8784,3,1,0.334870954214479,0.0003415300546448,8784,9,1,0.334870954214479,0.0010245901639344,0,0,0,0.0,0.0,3,3,0,positive_low,size_q4,Office
1150,13,26352,9,0.0003415300546448,8784,3,1,0.3333333333333333,0.0003415300546448,8784,3,1,0.3333333333333333,0.0003415300546448,8784,3,1,0.3333333333333333,0.0003415300546448,0,0,0,0.0,0.0,3,3,0,positive_low,size_q4,Office
1152,13,26054,1417,0.0543870422967682,8486,3,1,0.3257081446227067,0.0003535234503888,8784,1402,1,0.3371459276886466,0.1596083788706739,8784,12,1,0.3371459276886466,0.0013661202185792,0,0,0,0.0,0.0,3,3,0,positive_high,size_q4,Office
1154,13,26352,669,0.0253870673952641,8784,195,1,0.3333333333333333,0.0221994535519125,8784,471,1,0.3333333333333333,0.0536202185792349,8784,3,1,0.3333333333333333,0.0003415300546448,0,0,0,0.0,0.0,3,3,0,positive_mid,size_q4,Lodging/residential
1156,13,26352,9,0.0003415300546448,8784,3,1,0.3333333333333333,0.0003415300546448,8784,3,1,0.3333333333333333,0.0003415300546448,8784,3,1,0.3333333333333333,0.0003415300546448,0,0,0,0.0,0.0,3,3,0,positive_low,size_q4,Education
1158,13,26352,1389,0.0527094717668488,8784,3,1,0.3333333333333333,0.0003415300546448,8784,383,1,0.3333333333333333,0.0436020036429872,8784,1003,1,0.3333333333333333,0.1141848816029143,0,0,0,0.0,0.0,3,3,0,positive_high,size_q4,Public services
1160,13,17567,7038,0.4006375590596004,8783,139,1,0.4999715375419821,0.0158260275532278,8784,6899,1,0.5000284624580179,0.7854052823315119,0,0,0,0.0,0.0,0,0,0,0.0,0.0,2,2,0,positive_high,size_q3,Office
1162,13,26352,10,0.0003794778384942,8784,4,1,0.3333333333333333,0.000455373406193,8784,3,1,0.3333333333333333,0.0003415300546448,8784,3,1,0.3333333333333333,0.0003415300546448,0,0,0,0.0,0.0,3,3,0,positive_low,size_q4,Office
1164,13,26351,85,0.0032256840347614,8784,3,1,0.3333459830746461,0.0003415300546448,8784,3,1,0.3333459830746461,0.0003415300546448,8783,79,1,0.3333080338507077,0.0089946487532733,0,0,0,0.0,0.0,3,3,0,positive_low,size_q4,Office
1166,13,8784,3,0.0003415300546448,8784,3,1,1.0,0.0003415300546448,0,0,0,0.0,0.0,0,0,0,0.0,0.0,0,0,0,0.0,0.0,1,1,0,positive_low,size_q3,Office
1168,13,26096,63,0.0024141630901287,8528,8,1,0.3267933782955242,0.0009380863039399,8784,52,1,0.3366033108522379,0.00591985428051,8784,3,1,0.3366033108522379,0.0003415300546448,0,0,0,0.0,0.0,3,3,0,positive_low,size_q4,Office
1170,13,8783,139,0.0158260275532278,8783,139,1,1.0,0.0158260275532278,0,0,0,0.0,0.0,0,0,0,0.0,0.0,0,0,0,0.0,0.0,1,1,0,positive_mid,size_q2,Office
1172,13,17568,167,0.0095059198542805,8784,164,1,0.5,0.0186703096539162,0,0,0,0.0,0.0,8784,3,1,0.5,0.0003415300546448,0,0,0,0.0,0.0,2,2,0,positive_mid,size_q4,Manufacturing/industrial
1174,13,17568,682,0.0388205828779599,8784,6,1,0.5,0.0006830601092896,0,0,0,0.0,0.0,8784,676,1,0.5,0.0769581056466302,0,0,0,0.0,0.0,2,2,0,positive_mid,size_q4,Other
1176,13,26345,2336,0.0886695767697855,8777,241,1,0.3331561966217498,0.0274581292013216,8784,3,1,0.333421901689125,0.0003415300546448,8784,2092,1,0.333421901689125,0.2381602914389799,0,0,0,0.0,0.0,3,3,0,positive_high,size_q4,Education
1178,13,17568,10,0.0005692167577413,8784,3,1,0.5,0.0003415300546448,0,0,0,0.0,0.0,8784,7,1,0.5,0.0007969034608378,0,0,0,0.0,0.0,2,2,0,positive_low,size_q4,Education
1180,13,17568,6,0.0003415300546448,0,0,0,0.0,0.0,8784,3,1,0.5,0.0003415300546448,8784,3,1,0.5,0.0003415300546448,0,0,0,0.0,0.0,2,2,0,positive_low,size_q4,Education
1182,13,8784,4,0.000455373406193,8784,4,1,1.0,0.000455373406193,0,0,0,0.0,0.0,0,0,0,0.0,0.0,0,0,0,0.0,0.0,1,1,0,positive_low,size_q3,Warehouse/storage
1184,13,17568,17,0.0009676684881602,8784,3,1,0.5,0.0003415300546448,0,0,0,0.0,0.0,8784,14,1,0.5,0.0015938069216757,0,0,0,0.0,0.0,2,2,0,positive_low,size_q4,Lodging/residential
1186,13,17568,20,0.0011384335154826,8784,3,1,0.5,0.0003415300546448,0,0,0,0.0,0.0,8784,17,1,0.5,0.0019353369763205,0,0,0,0.0,0.0,2,2,0,positive_low,size_q4,Lodging/residential
1188,13,8784,5,0.0005692167577413,8784,5,1,1.0,0.0005692167577413,0,0,0,0.0,0.0,0,0,0,0.0,0.0,0,0,0,0.0,0.0,1,1,0,positive_low,size_q3,Office
1190,13,8778,6,0.0006835269993164,8778,6,1,1.0,0.0006835269993164,0,0,0,0.0,0.0,0,0,0,0.0,0.0,0,0,0,0.0,0.0,1,1,0,positive_low,size_q1,Office
1192,13,8784,64,0.0072859744990892,0,0,0,0.0,0.0,0,0,0,0.0,0.0,8784,64,1,1.0,0.0072859744990892,0,0,0,0.0,0.0,1,1,0,positive_mid,size_q3,Office
1194,13,8626,3,0.0003477857639693,8626,3,1,1.0,0.0003477857639693,0,0,0,0.0,0.0,0,0,0,0.0,0.0,0,0,0,0.0,0.0,1,1,0,positive_low,size_q1,Office
1196,13,17568,6,0.0003415300546448,8784,3,1,0.5,0.0003415300546448,8784,3,1,0.5,0.0003415300546448,0,0,0,0.0,0.0,0,0,0,0.0,0.0,2,2,0,positive_low,size_q4,Entertainment/public assembly
1198,13,17568,6,0.0003415300546448,8784,3,1,0.5,0.0003415300546448,0,0,0,0.0,0.0,8784,3,1,0.5,0.0003415300546448,0,0,0,0.0,0.0,2,2,0,positive_low,size_q4,Education
1200,13,17396,10,0.0005748447919061,8612,2,1,0.4950563347896068,0.0002322340919647,0,0,0,0.0,0.0,8784,8,1,0.5049436652103932,0.0009107468123861,0,0,0,0.0,0.0,2,2,0,positive_low,size_q3,Entertainment/public assembly
1202,13,17567,165,0.0093926111458985,8783,160,1,0.4999715375419821,0.0182170101332118,8784,5,1,0.5000284624580179,0.0005692167577413,0,0,0,0.0,0.0,0,0,0,0.0,0.0,2,2,0,positive_mid,size_q3,Office
1204,13,8784,9,0.0010245901639344,0,0,0,0.0,0.0,0,0,0,0.0,0.0,8784,9,1,1.0,0.0010245901639344,0,0,0,0.0,0.0,1,1,0,positive_low,size_q3,Office
1206,13,26352,112,0.0042501517911353,8784,4,1,0.3333333333333333,0.000455373406193,8784,3,1,0.3333333333333333,0.0003415300546448,8784,105,1,0.3333333333333333,0.0119535519125683,0,0,0,0.0,0.0,3,3,0,positive_mid,size_q4,Office
1208,13,17565,586,0.0333617990321662,8781,22,1,0.4999146029035012,0.0025054094066734,8784,564,1,0.5000853970964987,0.064207650273224,0,0,0,0.0,0.0,0,0,0,0.0,0.0,2,2,0,positive_mid,size_q3,Healthcare
1210,13,26346,30,0.0011386927806877,8778,24,1,0.3331815076292416,0.0027341079972658,8784,3,1,0.3334092461853792,0.0003415300546448,8784,3,1,0.3334092461853792,0.0003415300546448,0,0,0,0.0,0.0,3,3,0,positive_low,size_q4,Office
1212,13,26351,41,0.0015559181814731,8783,19,1,0.3333080338507077,0.0021632699533189,8784,14,1,0.3333459830746461,0.0015938069216757,8784,8,1,0.3333459830746461,0.0009107468123861,0,0,0,0.0,0.0,3,3,0,positive_low,size_q4,Public services
1214,13,26321,18,0.0006838645948102,8753,12,1,0.3325481554652179,0.0013709585285045,8784,3,1,0.333725922267391,0.0003415300546448,8784,3,1,0.333725922267391,0.0003415300546448,0,0,0,0.0,0.0,3,3,0,positive_low,size_q4,Office
1216,13,17568,342,0.0194672131147541,8784,4,1,0.5,0.000455373406193,8784,338,1,0.5,0.0384790528233151,0,0,0,0.0,0.0,0,0,0,0.0,0.0,2,2,0,positive_mid,size_q4,Office
1218,13,26351,63,0.0023908011081173,8783,3,1,0.3333080338507077,0.0003415689399977,8784,3,1,0.3333459830746461,0.0003415300546448,8784,57,1,0.3333459830746461,0.0064890710382513,0,0,0,0.0,0.0,3,3,0,positive_low,size_q4,Entertainment/public assembly
1220,13,26348,423,0.016054349476241,8784,3,1,0.3333839380598148,0.0003415300546448,8780,12,1,0.3332321238803704,0.0013667425968109,8784,408,1,0.3333839380598148,0.0464480874316939,0,0,0,0.0,0.0,3,3,0,positive_mid,size_q4,Public services
1222,13,8489,6,0.0007067970314524,8489,6,1,1.0,0.0007067970314524,0,0,0,0.0,0.0,0,0,0,0.0,0.0,0,0,0,0.0,0.0,1,1,0,positive_low,size_q1,Lodging/residential
1224,14,26352,439,0.0166590771098967,8784,155,1,0.3333333333333333,0.0176457194899817,8784,156,1,0.3333333333333333,0.01775956284153,0,0,0,0.0,0.0,8784,128,1,0.3333333333333333,0.0145719489981785,3,3,0,positive_mid,size_q4,Office
1226,14,25419,3002,0.1181006333844761,8784,944,1,0.34556827569928,0.1074681238615664,7851,1287,1,0.3088634486014399,0.1639281620175773,8784,771,1,0.34556827569928,0.0877732240437158,0,0,0,0.0,0.0,3,3,0,positive_high,size_q4,Education
1228,14,26352,1768,0.0670916818457802,8784,302,1,0.3333333333333333,0.0343806921675774,8784,1175,1,0.3333333333333333,0.1337659380692167,0,0,0,0.0,0.0,8784,291,1,0.3333333333333333,0.0331284153005464,3,3,0,positive_high,size_q4,Office
1230,14,26352,2001,0.0759335154826958,8784,328,1,0.3333333333333333,0.0373406193078324,8784,1545,1,0.3333333333333333,0.1758879781420765,0,0,0,0.0,0.0,8784,128,1,0.3333333333333333,0.0145719489981785,3,3,0,positive_high,size_q4,Office
1232,14,34131,5153,0.1509771175763968,7779,160,1,0.2279159708183176,0.0205681964262758,8784,2333,1,0.2573613430605608,0.2655965391621129,8784,967,1,0.2573613430605608,0.1100865209471766,8784,1693,1,0.2573613430605608,0.1927367941712204,4,4,0,positive_high,size_q4,Education
1234,14,26352,5578,0.2116727383120825,8784,2328,1,0.3333333333333333,0.2650273224043716,8784,1964,1,0.3333333333333333,0.2235883424408014,0,0,0,0.0,0.0,8784,1286,1,0.3333333333333333,0.1464025500910746,3,3,0,positive_high,size_q4,Education
1236,14,26305,615,0.0233795856301083,8784,332,1,0.3339289108534499,0.0377959927140255,8778,133,1,0.3337008173351073,0.0151515151515151,0,0,0,0.0,0.0,8743,150,1,0.3323702718114427,0.0171565824087841,3,3,0,positive_mid,size_q4,Office
1238,14,26352,3623,0.1374848208864602,8784,281,1,0.3333333333333333,0.0319899817850637,8784,128,1,0.3333333333333333,0.0145719489981785,8784,3214,1,0.3333333333333333,0.3658925318761384,0,0,0,0.0,0.0,3,3,0,positive_high,size_q4,Office
1240,14,26326,1318,0.0500645749449213,8784,436,1,0.3336625389348933,0.0496357012750455,8784,444,1,0.3336625389348933,0.0505464480874316,0,0,0,0.0,0.0,8758,438,1,0.3326749221302135,0.0500114181319936,3,3,0,positive_high,size_q4,Public services
1242,14,26352,1111,0.0421599878567091,8784,499,1,0.3333333333333333,0.0568078324225865,8784,134,1,0.3333333333333333,0.0152550091074681,0,0,0,0.0,0.0,8784,478,1,0.3333333333333333,0.0544171220400728,3,3,0,positive_high,size_q4,Office
1244,14,26028,2817,0.1082295988934993,8460,138,1,0.3250345781466113,0.0163120567375886,8784,1215,1,0.3374827109266943,0.1383196721311475,0,0,0,0.0,0.0,8784,1464,1,0.3374827109266943,0.1666666666666666,3,3,0,positive_high,size_q4,Public services
1246,14,26352,3840,0.145719489981785,8784,290,1,0.3333333333333333,0.0330145719489981,8784,1692,1,0.3333333333333333,0.1926229508196721,0,0,0,0.0,0.0,8784,1858,1,0.3333333333333333,0.2115209471766848,3,3,0,positive_high,size_q4,Office
1248,14,26322,610,0.0231745308107286,8784,282,1,0.3337132436744928,0.032103825136612,8784,128,1,0.3337132436744928,0.0145719489981785,8754,200,1,0.3325735126510143,0.0228466986520447,0,0,0,0.0,0.0,3,3,0,positive_mid,size_q4,Office
1250,14,26352,9510,0.3608834244080146,8784,838,1,0.3333333333333333,0.0954007285974499,8784,135,1,0.3333333333333333,0.0153688524590163,8784,8537,1,0.3333333333333333,0.9718806921675774,0,0,0,0.0,0.0,3,3,0,positive_high,size_q4,Education
1252,14,26352,824,0.0312689738919247,8784,162,1,0.3333333333333333,0.0184426229508196,8784,169,1,0.3333333333333333,0.0192395264116575,0,0,0,0.0,0.0,8784,493,1,0.3333333333333333,0.0561247723132969,3,3,0,positive_mid,size_q4,Education
1254,14,26352,2443,0.0927064359441408,8784,281,1,0.3333333333333333,0.0319899817850637,8784,1971,1,0.3333333333333333,0.2243852459016393,8784,191,1,0.3333333333333333,0.0217440801457194,0,0,0,0.0,0.0,3,3,0,positive_high,size_q4,Education
1256,14,17568,637,0.0362591074681238,8784,151,1,0.5,0.0171903460837887,0,0,0,0.0,0.0,8784,486,1,0.5,0.055327868852459,0,0,0,0.0,0.0,2,2,0,positive_mid,size_q4,Office
1258,14,31967,1550,0.0484875027371977,8784,800,1,0.2747833703506741,0.0910746812386156,8784,162,1,0.2747833703506741,0.0184426229508196,8770,175,1,0.2743454187130478,0.0199543899657924,5629,413,1,0.1760878405856039,0.0733700479658909,4,4,0,positive_high,size_q4,Education
1260,14,26352,650,0.024666059502125,8784,154,1,0.3333333333333333,0.0175318761384335,8784,128,1,0.3333333333333333,0.0145719489981785,0,0,0,0.0,0.0,8784,368,1,0.3333333333333333,0.0418943533697632,3,3,0,positive_mid,size_q4,Office
1262,14,26352,651,0.0247040072859744,8784,156,1,0.3333333333333333,0.01775956284153,8784,210,1,0.3333333333333333,0.0239071038251366,0,0,0,0.0,0.0,8784,285,1,0.3333333333333333,0.0324453551912568,3,3,0,positive_mid,size_q4,Office
1264,14,17568,6114,0.3480191256830601,8784,3310,1,0.5,0.3768214936247723,8784,2804,1,0.5,0.3192167577413479,0,0,0,0.0,0.0,0,0,0,0.0,0.0,2,2,0,positive_high,size_q4,Education
1266,14,26327,491,0.0186500550765373,8759,164,1,0.3327002696851141,0.0187235985843132,8784,128,1,0.3336498651574429,0.0145719489981785,0,0,0,0.0,0.0,8784,199,1,0.3336498651574429,0.0226548269581056,3,3,0,positive_mid,size_q4,Public services
1268,14,26351,4180,0.1586277560623885,8783,281,1,0.3333080338507077,0.0319936240464533,8784,2020,1,0.3333459830746461,0.2299635701275045,0,0,0,0.0,0.0,8784,1879,1,0.3333459830746461,0.2139116575591985,3,3,0,positive_high,size_q4,Office
1270,14,26349,2696,0.1023188735815401,8781,281,1,0.3332574291244449,0.032000911057966,8784,2287,1,0.3333712854377775,0.2603597449908925,0,0,0,0.0,0.0,8784,128,1,0.3333712854377775,0.0145719489981785,3,3,0,positive_high,size_q4,Entertainment/public assembly
1272,14,26260,5629,0.2143564356435643,8784,867,1,0.3345011424219345,0.0987021857923497,8692,3659,1,0.330997715156131,0.4209618039576622,0,0,0,0.0,0.0,8784,1103,1,0.3345011424219345,0.1255692167577413,3,3,0,positive_high,size_q4,Public services
1274,14,26352,3155,0.1197252580449301,8784,281,1,0.3333333333333333,0.0319899817850637,8784,2741,1,0.3333333333333333,0.3120446265938069,0,0,0,0.0,0.0,8784,133,1,0.3333333333333333,0.0151411657559198,3,3,0,positive_high,size_q4,Office
1276,14,26328,2952,0.1121239744758432,8784,890,1,0.3336371923427529,0.1013205828779599,8782,933,1,0.3335612275903981,0.1062400364381689,0,0,0,0.0,0.0,8762,1129,1,0.3328015800668489,0.1288518603058662,3,3,0,positive_high,size_q4,Office
1278,14,8784,857,0.097563752276867,8784,857,1,1.0,0.097563752276867,0,0,0,0.0,0.0,0,0,0,0.0,0.0,0,0,0,0.0,0.0,1,1,0,positive_high,size_q3,Education
1280,14,17568,4098,0.2332650273224043,8784,851,1,0.5,0.0968806921675774,8784,3247,1,0.5,0.3696493624772313,0,0,0,0.0,0.0,0,0,0,0.0,0.0,2,2,0,positive_high,size_q4,Lodging/residential
1282,14,8784,183,0.0208333333333333,8784,183,1,1.0,0.0208333333333333,0,0,0,0.0,0.0,0,0,0,0.0,0.0,0,0,0,0.0,0.0,1,1,0,positive_mid,size_q3,Healthcare
1284,14,26342,626,0.0237643307265963,8784,315,1,0.3334598739655303,0.0358606557377049,8784,128,1,0.3334598739655303,0.0145719489981785,8774,183,1,0.3330802520689393,0.0208570777296558,0,0,0,0.0,0.0,3,3,0,positive_mid,size_q4,Education
1286,14,26336,663,0.0251746658566221,8784,321,1,0.3335358444714459,0.0365437158469945,8784,170,1,0.3335358444714459,0.0193533697632058,8768,172,1,0.3329283110571081,0.0196167883211678,0,0,0,0.0,0.0,3,3,0,positive_mid,size_q4,Healthcare
1288,14,25418,1273,0.0500826186167283,8782,302,1,0.3455031867180738,0.0343885219767706,8784,897,1,0.3455818711149579,0.1021174863387978,7852,74,1,0.3089149421669683,0.0094243504839531,0,0,0,0.0,0.0,3,3,0,positive_high,size_q4,Education
1290,14,26344,1925,0.0730716671727907,8784,290,1,0.3334345581536593,0.0330145719489981,8784,1454,1,0.3334345581536593,0.1655282331511839,8776,181,1,0.3331308836926814,0.0206244302643573,0,0,0,0.0,0.0,3,3,0,positive_high,size_q4,Education
1292,14,26332,2368,0.0899286039799483,8784,886,1,0.333586510709403,0.1008652094717668,8784,740,1,0.333586510709403,0.0842440801457194,8764,742,1,0.332826978581194,0.084664536741214,0,0,0,0.0,0.0,3,3,0,positive_high,size_q4,Office
1294,14,35108,3099,0.0882704796627549,8784,884,1,0.2501993847556112,0.1006375227686703,8784,1315,1,0.2501993847556112,0.1497040072859745,8777,756,1,0.25,0.0861342144240629,8763,144,1,0.2496012304887775,0.0164327285176309,4,4,0,positive_high,size_q4,Office
1296,14,35115,2571,0.0732165741136266,8784,886,1,0.2501495087569415,0.1008652094717668,8784,815,1,0.2501495087569415,0.0927823315118397,8784,742,1,0.2501495087569415,0.084471766848816,8763,128,1,0.2495514737291755,0.0146068697934497,4,4,0,positive_high,size_q4,Office
1298,14,35136,2154,0.0613046448087431,8784,886,1,0.25,0.1008652094717668,8784,165,1,0.25,0.0187841530054644,8784,742,1,0.25,0.084471766848816,8784,361,1,0.25,0.0410974499089253,4,4,0,positive_high,size_q4,Education
1300,14,24916,1621,0.0650585968855354,8784,800,1,0.3525445496869481,0.0910746812386156,7369,693,1,0.2957537325413389,0.094042610937712,0,0,0,0.0,0.0,8763,128,1,0.3517017177717129,0.0146068697934497,3,3,0,positive_high,size_q4,Healthcare
1302,14,26351,6437,0.2442791544912906,8783,863,1,0.3333080338507077,0.0982579984060116,8784,795,1,0.3333459830746461,0.0905054644808743,0,0,0,0.0,0.0,8784,4779,1,0.3333459830746461,0.5440573770491803,3,3,0,positive_high,size_q4,Office
1304,14,8784,153,0.0174180327868852,8784,153,1,1.0,0.0174180327868852,0,0,0,0.0,0.0,0,0,0,0.0,0.0,0,0,0,0.0,0.0,1,1,0,positive_mid,size_q3,Office
1306,14,23344,489,0.0209475668265935,8784,281,1,0.3762851267991775,0.0319899817850637,8784,157,1,0.3762851267991775,0.0178734061930783,5776,51,1,0.2474297464016449,0.0088296398891966,0,0,0,0.0,0.0,3,3,0,positive_mid,size_q4,Lodging/residential
1308,14,26352,1054,0.039996964177292,8784,293,1,0.3333333333333333,0.0333561020036429,8784,559,1,0.3333333333333333,0.0636384335154826,8784,202,1,0.3333333333333333,0.0229963570127504,0,0,0,0.0,0.0,3,3,0,positive_mid,size_q4,Lodging/residential
1310,14,26352,971,0.0368472981177899,8784,281,1,0.3333333333333333,0.0319899817850637,8784,562,1,0.3333333333333333,0.0639799635701275,8784,128,1,0.3333333333333333,0.0145719489981785,0,0,0,0.0,0.0,3,3,0,positive_mid,size_q4,Lodging/residential
1312,14,26352,835,0.0316863995142683,8784,295,1,0.3333333333333333,0.0335837887067395,8784,270,1,0.3333333333333333,0.0307377049180327,0,0,0,0.0,0.0,8784,270,1,0.3333333333333333,0.0307377049180327,3,3,0,positive_mid,size_q4,Lodging/residential
1314,14,8784,951,0.1082650273224043,8784,951,1,1.0,0.1082650273224043,0,0,0,0.0,0.0,0,0,0,0.0,0.0,0,0,0,0.0,0.0,1,1,0,positive_high,size_q3,Education
1316,14,8784,166,0.0188979963570127,8784,166,1,1.0,0.0188979963570127,0,0,0,0.0,0.0,0,0,0,0.0,0.0,0,0,0,0.0,0.0,1,1,0,positive_mid,size_q3,Entertainment/public assembly
1318,14,26138,1313,0.0502333766929374,8570,174,1,0.3278751243400413,0.0203033838973162,8784,944,1,0.3360624378299793,0.1074681238615664,0,0,0,0.0,0.0,8784,195,1,0.3360624378299793,0.0221994535519125,3,3,0,positive_high,size_q4,Entertainment/public assembly
1320,14,8784,547,0.0622723132969034,8784,547,1,1.0,0.0622723132969034,0,0,0,0.0,0.0,0,0,0,0.0,0.0,0,0,0,0.0,0.0,1,1,0,positive_high,size_q3,Entertainment/public assembly
1322,14,26346,3108,0.117968572079253,8778,700,1,0.3331815076292416,0.0797448165869218,8784,2280,1,0.3334092461853792,0.2595628415300546,0,0,0,0.0,0.0,8784,128,1,0.3334092461853792,0.0145719489981785,3,3,0,positive_high,size_q4,Entertainment/public assembly
1324,14,26352,4530,0.171903460837887,8784,301,1,0.3333333333333333,0.0342668488160291,8784,3848,1,0.3333333333333333,0.4380692167577413,0,0,0,0.0,0.0,8784,381,1,0.3333333333333333,0.0433743169398907,3,3,0,positive_high,size_q4,Entertainment/public assembly
1326,15,22276,0,0.0,7472,0,1,0.3354282636020829,0.0,7332,0,1,0.329143472795834,0.0,7472,0,1,0.3354282636020829,0.0,0,0,0,0.0,0.0,3,0,1,zero,size_q4,Office
1328,15,14804,8,0.0005403944879762,7472,8,1,0.504728451769792,0.0010706638115631,7332,0,1,0.495271548230208,0.0,0,0,0,0.0,0.0,0,0,0,0.0,0.0,2,1,0,positive_low,size_q3,Education
1330,15,7472,1,0.0001338329764453,0,0,0,0.0,0.0,0,0,0,0.0,0.0,7472,1,1,1.0,0.0001338329764453,0,0,0,0.0,0.0,1,1,0,positive_low,size_q1,Education
1332,15,22276,61,0.0027383731370084,7472,0,1,0.3354282636020829,0.0,7332,0,1,0.329143472795834,0.0,7472,61,1,0.3354282636020829,0.0081638115631691,0,0,0,0.0,0.0,3,1,0,positive_low,size_q4,Education
1334,15,14761,1,6.774608766343743e-05,7472,0,1,0.5061987670212045,0.0,7289,1,1,0.4938012329787954,0.000137193030594,0,0,0,0.0,0.0,0,0,0,0.0,0.0,2,1,0,positive_low,size_q3,Office
1336,15,21755,133,0.0061135371179039,7471,0,1,0.343415306826017,0.0,6812,133,1,0.3131234199034705,0.0195243687610099,7472,0,1,0.3434612732705125,0.0,0,0,0,0.0,0.0,3,1,0,positive_mid,size_q4,Office
1338,15,14924,61,0.0040873760385955,7470,0,1,0.5005360493165372,0.0,0,0,0,0.0,0.0,7454,61,1,0.4994639506834629,0.0081835256238261,0,0,0,0.0,0.0,2,1,0,positive_mid,size_q3,Education
1340,15,7472,0,0.0,7472,0,1,1.0,0.0,0,0,0,0.0,0.0,0,0,0,0.0,0.0,0,0,0,0.0,0.0,1,0,1,zero,size_q1,Manufacturing/industrial
1342,15,22246,1879,0.0844646228535467,7467,0,1,0.3356558482423806,0.0,7307,1813,1,0.3284635440079115,0.248118242780895,7472,66,1,0.3358806077497078,0.0088329764453961,0,0,0,0.0,0.0,3,2,0,positive_high,size_q4,Education
1344,15,22147,67,0.0030252404388856,7343,2,1,0.3315573215333905,0.0002723682418629,7332,0,1,0.3310606402673048,0.0,7472,65,1,0.3373820381993046,0.0086991434689507,0,0,0,0.0,0.0,3,2,0,positive_low,size_q4,Education
1346,15,14295,1,6.995452955578873e-05,7472,1,1,0.5227002448408534,0.0001338329764453,0,0,0,0.0,0.0,6823,0,1,0.4772997551591466,0.0,0,0,0,0.0,0.0,2,1,0,positive_low,size_q3,Education
1348,15,22275,69,0.003097643097643,7472,5,1,0.3354433221099888,0.0006691648822269,7332,0,1,0.3291582491582491,0.0,7471,64,1,0.335398428731762,0.0085664569669388,0,0,0,0.0,0.0,3,2,0,positive_low,size_q4,Education
1350,15,21859,1938,0.0886591335376732,7466,0,1,0.3415526785305823,0.0,6921,1571,1,0.3166201564572944,0.2269903193180176,7472,367,1,0.3418271650121232,0.0491167023554603,0,0,0,0.0,0.0,3,2,0,positive_high,size_q4,Education
1352,15,14804,1,6.754931099702783e-05,7472,0,1,0.504728451769792,0.0,7332,1,1,0.495271548230208,0.0001363884342607,0,0,0,0.0,0.0,0,0,0,0.0,0.0,2,1,0,positive_low,size_q3,Office
1354,15,14799,0,0.0,0,0,0,0.0,0.0,7327,0,1,0.4951010203392121,0.0,7472,0,1,0.5048989796607879,0.0,0,0,0,0.0,0.0,2,0,1,zero,size_q3,Education
1356,15,7472,0,0.0,7472,0,1,1.0,0.0,0,0,0,0.0,0.0,0,0,0,0.0,0.0,0,0,0,0.0,0.0,1,0,1,zero,size_q1,Education
1358,15,22254,0,0.0,7467,0,1,0.3355351846858991,0.0,7331,0,1,0.3294239237889818,0.0,7456,0,1,0.335040891525119,0.0,0,0,0,0.0,0.0,3,0,1,zero,size_q4,Lodging/residential
1360,15,14943,105,0.0070267014655691,7471,0,1,0.4999665395168306,0.0,0,0,0,0.0,0.0,7472,105,1,0.5000334604831693,0.0140524625267665,0,0,0,0.0,0.0,2,1,0,positive_mid,size_q3,Entertainment/public assembly
1362,15,14803,0,0.0,7471,0,1,0.5046949942579206,0.0,7332,0,1,0.4953050057420793,0.0,0,0,0,0.0,0.0,0,0,0,0.0,0.0,2,0,1,zero,size_q3,Education
1364,15,14944,62,0.0041488222698072,7472,0,1,0.5,0.0,0,0,0,0.0,0.0,7472,62,1,0.5,0.0082976445396145,0,0,0,0.0,0.0,2,1,0,positive_mid,size_q3,Utility
1366,15,22271,0,0.0,7467,0,1,0.3352790624579049,0.0,7332,0,1,0.3292173678775089,0.0,7472,0,1,0.3355035696645862,0.0,0,0,0,0.0,0.0,3,0,1,zero,size_q4,Office
1368,15,14794,0,0.0,7468,0,1,0.5047992429363255,0.0,7326,0,1,0.4952007570636744,0.0,0,0,0,0.0,0.0,0,0,0,0.0,0.0,2,0,1,zero,size_q3,Entertainment/public assembly
1370,15,7470,0,0.0,7470,0,1,1.0,0.0,0,0,0,0.0,0.0,0,0,0,0.0,0.0,0,0,0,0.0,0.0,1,0,1,zero,size_q1,Education
1372,15,7332,0,0.0,0,0,0,0.0,0.0,7332,0,1,1.0,0.0,0,0,0,0.0,0.0,0,0,0,0.0,0.0,1,0,1,zero,size_q1,Education
1374,15,7332,32,0.0043644298963447,0,0,0,0.0,0.0,7332,32,1,1.0,0.0043644298963447,0,0,0,0.0,0.0,0,0,0,0.0,0.0,1,1,0,positive_mid,size_q1,Office
1376,15,14802,0,0.0,7471,0,1,0.5047290906634239,0.0,7331,0,1,0.4952709093365761,0.0,0,0,0,0.0,0.0,0,0,0,0.0,0.0,2,0,1,zero,size_q3,Public services
1378,15,14942,11,0.0007361798955963,7470,11,1,0.4999330745549458,0.0014725568942436,0,0,0,0.0,0.0,7472,0,1,0.5000669254450542,0.0,0,0,0,0.0,0.0,2,1,0,positive_low,size_q3,Education
1380,15,14795,12,0.0008110848259547,7463,12,1,0.5044271713416695,0.0016079324668363,7332,0,1,0.4955728286583305,0.0,0,0,0,0.0,0.0,0,0,0,0.0,0.0,2,1,0,positive_low,size_q3,Education
1382,15,22027,63,0.0028601262087438,7472,0,1,0.3392200481227584,0.0,7086,0,1,0.3216961002406138,0.0,7469,63,1,0.3390838516366278,0.0084348641049671,0,0,0,0.0,0.0,3,1,0,positive_low,size_q4,Public services
1384,15,22263,76,0.0034137357948165,7459,74,1,0.3350402012307416,0.0099209009250569,7332,2,1,0.3293356690472982,0.0002727768685215,7472,0,1,0.3356241297219602,0.0,0,0,0,0.0,0.0,3,2,0,positive_low,size_q4,Education
1386,15,22249,67,0.0030113712975864,7457,0,1,0.335161130837341,0.0,7332,5,1,0.3295429008045305,0.0006819421713038,7460,62,1,0.3352959683581284,0.0083109919571045,0,0,0,0.0,0.0,3,2,0,positive_low,size_q4,Entertainment/public assembly
1388,15,7332,0,0.0,0,0,0,0.0,0.0,7332,0,1,1.0,0.0,0,0,0,0.0,0.0,0,0,0,0.0,0.0,1,0,1,zero,size_q1,Healthcare
1390,15,18985,1,5.267316302343956e-05,7472,0,1,0.3935738741111403,0.0,4401,1,1,0.2318145904661575,0.0002272210861167,7112,0,1,0.3746115354227021,0.0,0,0,0,0.0,0.0,3,1,0,positive_low,size_q4,Entertainment/public assembly
1392,15,14331,149,0.0103970413788291,6864,0,1,0.4789616914381411,0.0,0,0,0,0.0,0.0,7467,149,1,0.521038308561859,0.0199544663184679,0,0,0,0.0,0.0,2,1,0,positive_mid,size_q3,Entertainment/public assembly
1394,15,20490,1095,0.0534407027818448,7464,0,1,0.3642752562225476,0.0,7332,1095,1,0.3578330893118594,0.1493453355155483,5694,0,1,0.277891654465593,0.0,0,0,0,0.0,0.0,3,1,0,positive_high,size_q4,Entertainment/public assembly
1396,15,21113,3014,0.1427556481788471,6309,0,1,0.2988206318382039,0.0,7332,2954,1,0.3472741912565718,0.4028914348063284,7472,60,1,0.3539051769052243,0.0080299785867237,0,0,0,0.0,0.0,3,2,0,positive_high,size_q4,Lodging/residential
1398,15,14804,1021,0.0689678465279654,7472,0,1,0.504728451769792,0.0,7332,1021,1,0.495271548230208,0.1392525913802509,0,0,0,0.0,0.0,0,0,0,0.0,0.0,2,1,0,positive_high,size_q3,Lodging/residential
1400,15,15833,0,0.0,7472,0,1,0.4719257247521,0.0,8361,0,1,0.5280742752479,0.0,0,0,0,0.0,0.0,0,0,0,0.0,0.0,2,0,1,zero,size_q3,Lodging/residential
1402,15,13606,71,0.0052182860502719,7472,0,1,0.549169484051154,0.0,0,0,0,0.0,0.0,6134,71,1,0.4508305159488461,0.011574828822954,0,0,0,0.0,0.0,2,1,0,positive_mid,size_q3,Lodging/residential
1404,15,14803,505,0.0341147064784165,7471,0,1,0.5046949942579206,0.0,7332,505,1,0.4953050057420793,0.0688761593016912,0,0,0,0.0,0.0,0,0,0,0.0,0.0,2,1,0,positive_mid,size_q3,Lodging/residential
1406,15,14944,61,0.0040819057815845,7472,0,1,0.5,0.0,0,0,0,0.0,0.0,7472,61,1,0.5,0.0081638115631691,0,0,0,0.0,0.0,2,1,0,positive_low,size_q3,Lodging/residential
1408,15,14349,0,0.0,7472,0,1,0.5207331521360373,0.0,6877,0,1,0.4792668478639626,0.0,0,0,0,0.0,0.0,0,0,0,0.0,0.0,2,0,1,zero,size_q3,Entertainment/public assembly
1410,15,14771,64,0.0043328142982871,7439,0,1,0.5036219619524744,0.0,7332,64,1,0.4963780380475255,0.0087288597926895,0,0,0,0.0,0.0,0,0,0,0.0,0.0,2,1,0,positive_mid,size_q3,Office
1412,15,17591,2738,0.1556477744301063,7415,0,1,0.4215223693934398,0.0,7332,2738,1,0.4168040475243022,0.373431533006001,2844,0,1,0.1616735830822579,0.0,0,0,0,0.0,0.0,3,1,0,positive_high,size_q4,Lodging/residential
1414,15,14944,161,0.0107735546038543,7472,11,1,0.5,0.0014721627408993,0,0,0,0.0,0.0,7472,150,1,0.5,0.0200749464668094,0,0,0,0.0,0.0,2,2,0,positive_mid,size_q3,Lodging/residential
1416,15,7472,0,0.0,7472,0,1,1.0,0.0,0,0,0,0.0,0.0,0,0,0,0.0,0.0,0,0,0,0.0,0.0,1,0,1,zero,size_q1,Lodging/residential
1418,15,14944,63,0.0042157387580299,7472,0,1,0.5,0.0,0,0,0,0.0,0.0,7472,63,1,0.5,0.0084314775160599,0,0,0,0.0,0.0,2,1,0,positive_mid,size_q3,Lodging/residential
1420,15,14911,64,0.0042921333243913,7439,0,1,0.4988934343773053,0.0,0,0,0,0.0,0.0,7472,64,1,0.5011065656226946,0.0085653104925053,0,0,0,0.0,0.0,2,1,0,positive_mid,size_q3,Entertainment/public assembly
1422,15,7472,0,0.0,7472,0,1,1.0,0.0,0,0,0,0.0,0.0,0,0,0,0.0,0.0,0,0,0,0.0,0.0,1,0,1,zero,size_q1,Lodging/residential
1424,15,14917,61,0.0040892940939867,7445,0,1,0.499094992290675,0.0,0,0,0,0.0,0.0,7472,61,1,0.5009050077093249,0.0081638115631691,0,0,0,0.0,0.0,2,1,0,positive_mid,size_q3,Lodging/residential
1426,15,7472,613,0.0820396145610278,0,0,0,0.0,0.0,0,0,0,0.0,0.0,7472,613,1,1.0,0.0820396145610278,0,0,0,0.0,0.0,1,1,0,positive_high,size_q1,Entertainment/public assembly
1428,15,7380,1,0.0001355013550135,7380,1,1,1.0,0.0001355013550135,0,0,0,0.0,0.0,0,0,0,0.0,0.0,0,0,0,0.0,0.0,1,1,0,positive_low,size_q1,Education
1430,15,12820,66,0.0051482059282371,5348,3,1,0.4171606864274571,0.00056095736724,0,0,0,0.0,0.0,7472,63,1,0.5828393135725429,0.0084314775160599,0,0,0,0.0,0.0,2,2,0,positive_mid,size_q3,Office
1432,15,7472,4,0.0005353319057815,7472,4,1,1.0,0.0005353319057815,0,0,0,0.0,0.0,0,0,0,0.0,0.0,0,0,0,0.0,0.0,1,1,0,positive_low,size_q1,Education
1434,15,14879,2,0.0001344176355937,7407,2,1,0.4978157134216009,0.0002700148508167,0,0,0,0.0,0.0,7472,0,1,0.5021842865783991,0.0,0,0,0,0.0,0.0,2,1,0,positive_low,size_q3,Education
1436,15,14940,0,0.0,7472,0,1,0.5001338688085676,0.0,0,0,0,0.0,0.0,7468,0,1,0.4998661311914324,0.0,0,0,0,0.0,0.0,2,0,1,zero,size_q3,Manufacturing/industrial
1438,15,14938,65,0.0043513187843084,7472,0,1,0.5002008300977373,0.0,0,0,0,0.0,0.0,7466,65,1,0.4997991699022627,0.0087061344762925,0,0,0,0.0,0.0,2,1,0,positive_mid,size_q3,Education
1440,15,7468,0,0.0,7468,0,1,1.0,0.0,0,0,0,0.0,0.0,0,0,0,0.0,0.0,0,0,0,0.0,0.0,1,0,1,zero,size_q1,Lodging/residential
1442,15,14944,0,0.0,7472,0,1,0.5,0.0,0,0,0,0.0,0.0,7472,0,1,0.5,0.0,0,0,0,0.0,0.0,2,0,1,zero,size_q3,Public services
1444,15,7445,2,0.0002686366689053,7445,2,1,1.0,0.0002686366689053,0,0,0,0.0,0.0,0,0,0,0.0,0.0,0,0,0,0.0,0.0,1,1,0,positive_low,size_q1,Entertainment/public assembly
1446,15,7472,3750,0.5018736616702355,7472,3750,1,1.0,0.5018736616702355,0,0,0,0.0,0.0,0,0,0,0.0,0.0,0,0,0,0.0,0.0,1,1,0,positive_high,size_q1,Entertainment/public assembly
1448,15,7452,0,0.0,7452,0,1,1.0,0.0,0,0,0,0.0,0.0,0,0,0,0.0,0.0,0,0,0,0.0,0.0,1,0,1,zero,size_q1,Office
